样本ID (Sample ID),问题类型 (Issue Type),问题描述 (Description),图像路径 (Image Path),标签路径 (Label Path),详细信息 (Details)
cropped_cd_2_3(2)_clip3_15_1_1,corrupt_file,无法读取的图像或标签文件,,,
cropped_cd_3_4(2)_clip1_97_0_0,corrupt_file,无法读取的图像或标签文件,,,
cropped_cd_3_4(2)_clip2_33_-1_1,corrupt_file,无法读取的图像或标签文件,,,
cropped_cd_2_4_clip5_28_0_1,corrupt_file,无法读取的图像或标签文件,,,
cropped_cd_2_4_clip5_45_0_-1,corrupt_file,无法读取的图像或标签文件,,,
cropped_cd_3_4(2)_clip6_25_0_0,empty_mask,标签全为背景类（无前景目标）,,,
cropped_cd_3_4(2)_clip6_85_0_0,empty_mask,标签全为背景类（无前景目标）,,,
cropped_cd_3_4(2)_clip6_95_0_0,empty_mask,标签全为背景类（无前景目标）,,,
cropped_cd_3_4(2)_clip6_96_0_0,empty_mask,标签全为背景类（无前景目标）,,,
cropped_H48F016018_clip13_27_1_0,empty_mask,标签全为背景类（无前景目标）,,,
cropped_H48F016018_clip13_28_1_-1,empty_mask,标签全为背景类（无前景目标）,,,
cropped_H48F016018_clip13_29_0_1,empty_mask,标签全为背景类（无前景目标）,,,
cropped_H48F016018_clip13_30_-1_-1,empty_mask,标签全为背景类（无前景目标）,,,
cropped_H48F016018_clip13_31_1_-1,empty_mask,标签全为背景类（无前景目标）,,,
cropped_H48F016018_clip13_32_0_-1,empty_mask,标签全为背景类（无前景目标）,,,
cropped_H48F016018_clip13_33_0_-1,empty_mask,标签全为背景类（无前景目标）,,,
cropped_H48F016018_clip13_34_0_-1,empty_mask,标签全为背景类（无前景目标）,,,
cropped_H48F016018_clip13_35_0_-1,empty_mask,标签全为背景类（无前景目标）,,,
cropped_H48F016018_clip13_36_0_-1,empty_mask,标签全为背景类（无前景目标）,,,
cropped_H48F016018_clip13_37_0_-1,empty_mask,标签全为背景类（无前景目标）,,,
cropped_H48F016018_clip13_63_0_1,empty_mask,标签全为背景类（无前景目标）,,,
cropped_H48F016018_clip13_64_0_1,empty_mask,标签全为背景类（无前景目标）,,,
cropped_H48F016018_clip13_65_-1_1,empty_mask,标签全为背景类（无前景目标）,,,
cropped_H48F016018_clip13_66_0_-1,empty_mask,标签全为背景类（无前景目标）,,,
cropped_H48F016018_clip13_67_0_-1,empty_mask,标签全为背景类（无前景目标）,,,
cropped_H48F016018_clip13_68_0_-1,empty_mask,标签全为背景类（无前景目标）,,,
cropped_H48F016018_clip13_69_0_-1,empty_mask,标签全为背景类（无前景目标）,,,
cropped_H48F016018_clip13_70_-1_0,empty_mask,标签全为背景类（无前景目标）,,,
cropped_H48F016018_clip13_71_-1_0,empty_mask,标签全为背景类（无前景目标）,,,
cropped_H48F016018_clip13_72_0_1,empty_mask,标签全为背景类（无前景目标）,,,
cropped_H48F016018_clip13_73_0_1,empty_mask,标签全为背景类（无前景目标）,,,
cropped_H48F016018_clip13_74_-1_1,empty_mask,标签全为背景类（无前景目标）,,,
cropped_H48F016018_clip13_75_-1_-1,empty_mask,标签全为背景类（无前景目标）,,,
cropped_H48F016018_clip13_80_0_1,empty_mask,标签全为背景类（无前景目标）,,,
cropped_H48F016018_clip13_81_0_1,empty_mask,标签全为背景类（无前景目标）,,,
cropped_H48F016018_clip13_82_1_1,empty_mask,标签全为背景类（无前景目标）,,,
cropped_H48F016018_clip13_83_1_1,empty_mask,标签全为背景类（无前景目标）,,,
cropped_H48F016018_clip13_85_0_-1,empty_mask,标签全为背景类（无前景目标）,,,
cropped_H48F016018_clip13_86_0_-1,empty_mask,标签全为背景类（无前景目标）,,,
cropped_H48F016018_clip13_87_0_0,empty_mask,标签全为背景类（无前景目标）,,,
cropped_cd_2_4_clip2_71_0_0,empty_mask,标签全为背景类（无前景目标）,,,
cropped_cd_2_4_clip2_82_0_0,empty_mask,标签全为背景类（无前景目标）,,,
cropped_cd_3_3_clip7_43_1_1,empty_mask,标签全为背景类（无前景目标）,,,
cropped_cd_3_3_clip7_50_1_-1,empty_mask,标签全为背景类（无前景目标）,,,
cropped_cd_3_3_clip7_51_1_-1,empty_mask,标签全为背景类（无前景目标）,,,
cropped_cd_3_3_clip7_70_0_0,empty_mask,标签全为背景类（无前景目标）,,,
cropped_cd_3_3_clip7_73_0_0,empty_mask,标签全为背景类（无前景目标）,,,
cropped_cd_3_3_clip7_78_0_0,empty_mask,标签全为背景类（无前景目标）,,,
cropped_cd_3_3_clip7_85_0_0,empty_mask,标签全为背景类（无前景目标）,,,
cropped_cd_3_3_clip7_90_0_0,empty_mask,标签全为背景类（无前景目标）,,,
cropped_cd_2_4(3)_clip2_48_0_0,empty_mask,标签全为背景类（无前景目标）,,,
cropped_cd_2_4(3)_clip2_49_0_0,empty_mask,标签全为背景类（无前景目标）,,,
cropped_cd_2_4(3)_clip2_81_0_0,empty_mask,标签全为背景类（无前景目标）,,,
cropped_cd_2_4(3)_clip2_83_0_0,empty_mask,标签全为背景类（无前景目标）,,,
cropped_cd_2_4(2)_clip6_15_0_0,empty_mask,标签全为背景类（无前景目标）,,,
cropped_cd_2_3_clip13_26_0_1,empty_mask,标签全为背景类（无前景目标）,,,
cropped_cd_2_3_clip13_28_-1_0,empty_mask,标签全为背景类（无前景目标）,,,
cropped_cd_2_3_clip13_91_0_0,empty_mask,标签全为背景类（无前景目标）,,,
cropped_cd_2_3_clip13_96_0_0,empty_mask,标签全为背景类（无前景目标）,,,
cropped_cd_2_3_clip13_97_0_0,empty_mask,标签全为背景类（无前景目标）,,,
cropped_H48F015017_clip4_15_0_-1,empty_mask,标签全为背景类（无前景目标）,,,
cropped_H48F015017_clip4_17_-1_0,empty_mask,标签全为背景类（无前景目标）,,,
cropped_H48F015017_clip4_21_0_1,empty_mask,标签全为背景类（无前景目标）,,,
cropped_H48F015017_clip4_22_-1_-1,empty_mask,标签全为背景类（无前景目标）,,,
cropped_H48F015017_clip4_34_1_-1,empty_mask,标签全为背景类（无前景目标）,,,
cropped_H48F015017_clip4_37_0_1,empty_mask,标签全为背景类（无前景目标）,,,
cropped_H48F015017_clip4_48_0_0,empty_mask,标签全为背景类（无前景目标）,,,
cropped_H48F015017_clip4_4_-1_0,empty_mask,标签全为背景类（无前景目标）,,,
cropped_H48F015017_clip4_59_0_0,empty_mask,标签全为背景类（无前景目标）,,,
cropped_H48F015017_clip4_68_0_0,empty_mask,标签全为背景类（无前景目标）,,,
cropped_H48F015017_clip4_69_0_0,empty_mask,标签全为背景类（无前景目标）,,,
cropped_H48F015017_clip4_6_1_-1,empty_mask,标签全为背景类（无前景目标）,,,
cropped_H48F015017_clip4_77_0_0,empty_mask,标签全为背景类（无前景目标）,,,
cropped_H48F015017_clip4_78_0_0,empty_mask,标签全为背景类（无前景目标）,,,
cropped_H48F015017_clip4_79_0_0,empty_mask,标签全为背景类（无前景目标）,,,
cropped_H48F015017_clip4_7_0_1,empty_mask,标签全为背景类（无前景目标）,,,
cropped_H48F015017_clip4_82_0_0,empty_mask,标签全为背景类（无前景目标）,,,
cropped_H48F015017_clip4_86_0_0,empty_mask,标签全为背景类（无前景目标）,,,
cropped_H48F015017_clip4_8_0_1,empty_mask,标签全为背景类（无前景目标）,,,
cropped_H48F015017_clip4_95_0_0,empty_mask,标签全为背景类（无前景目标）,,,
cropped_H48F015017_clip4_96_0_0,empty_mask,标签全为背景类（无前景目标）,,,
cropped_cd_2_3(3)_clip1_55_0_0,empty_mask,标签全为背景类（无前景目标）,,,
cropped_cd_2_3(3)_clip1_57_0_0,empty_mask,标签全为背景类（无前景目标）,,,
cropped_cd_2_3(3)_clip1_58_0_0,empty_mask,标签全为背景类（无前景目标）,,,
cropped_cd_2_3(3)_clip1_59_0_0,empty_mask,标签全为背景类（无前景目标）,,,
cropped_cd_2_3(3)_clip1_64_0_0,empty_mask,标签全为背景类（无前景目标）,,,
cropped_cd_2_3(3)_clip1_72_0_0,empty_mask,标签全为背景类（无前景目标）,,,
cropped_cd_2_3(2)_clip3_27_0_1,empty_mask,标签全为背景类（无前景目标）,,,
cropped_cd_2_3(2)_clip3_44_0_1,empty_mask,标签全为背景类（无前景目标）,,,
cropped_cd_2_3(2)_clip3_45_0_1,empty_mask,标签全为背景类（无前景目标）,,,
cropped_cd_2_3(2)_clip3_46_0_1,empty_mask,标签全为背景类（无前景目标）,,,
cropped_cd_2_3(2)_clip3_47_0_0,empty_mask,标签全为背景类（无前景目标）,,,
cropped_cd_2_3(2)_clip3_50_0_0,empty_mask,标签全为背景类（无前景目标）,,,
cropped_cd_2_3(2)_clip3_53_0_0,empty_mask,标签全为背景类（无前景目标）,,,
cropped_cd_2_3(2)_clip3_56_0_0,empty_mask,标签全为背景类（无前景目标）,,,
cropped_cd_2_3(2)_clip3_99_0_0,empty_mask,标签全为背景类（无前景目标）,,,
cropped_cd_3_3_clip4_87_0_0,empty_mask,标签全为背景类（无前景目标）,,,
cropped_H48F015017_clip8_23_0_0,empty_mask,标签全为背景类（无前景目标）,,,
cropped_H48F015017_clip8_24_0_0,empty_mask,标签全为背景类（无前景目标）,,,
cropped_H48F015017_clip8_25_0_0,empty_mask,标签全为背景类（无前景目标）,,,
cropped_H48F015017_clip8_26_0_0,empty_mask,标签全为背景类（无前景目标）,,,
cropped_H48F015017_clip8_27_0_0,empty_mask,标签全为背景类（无前景目标）,,,
cropped_H48F015017_clip8_28_0_0,empty_mask,标签全为背景类（无前景目标）,,,
cropped_H48F015017_clip8_29_0_0,empty_mask,标签全为背景类（无前景目标）,,,
cropped_H48F015017_clip8_30_0_0,empty_mask,标签全为背景类（无前景目标）,,,
cropped_H48F015017_clip8_31_0_0,empty_mask,标签全为背景类（无前景目标）,,,
cropped_H48F015017_clip8_32_0_0,empty_mask,标签全为背景类（无前景目标）,,,
cropped_H48F015017_clip8_33_0_0,empty_mask,标签全为背景类（无前景目标）,,,
cropped_H48F015017_clip8_34_0_0,empty_mask,标签全为背景类（无前景目标）,,,
cropped_H48F015017_clip8_35_0_0,empty_mask,标签全为背景类（无前景目标）,,,
cropped_H48F015017_clip8_36_0_0,empty_mask,标签全为背景类（无前景目标）,,,
cropped_H48F015017_clip8_37_0_0,empty_mask,标签全为背景类（无前景目标）,,,
cropped_H48F015017_clip8_38_0_0,empty_mask,标签全为背景类（无前景目标）,,,
cropped_H48F015017_clip8_41_0_0,empty_mask,标签全为背景类（无前景目标）,,,
cropped_H48F015017_clip8_42_0_0,empty_mask,标签全为背景类（无前景目标）,,,
cropped_H48F015017_clip8_43_0_0,empty_mask,标签全为背景类（无前景目标）,,,
cropped_H48F015017_clip8_44_0_0,empty_mask,标签全为背景类（无前景目标）,,,
cropped_H48F015017_clip8_45_0_0,empty_mask,标签全为背景类（无前景目标）,,,
cropped_H48F015017_clip8_46_0_0,empty_mask,标签全为背景类（无前景目标）,,,
cropped_H48F015017_clip8_47_0_0,empty_mask,标签全为背景类（无前景目标）,,,
cropped_H48F015017_clip8_48_0_0,empty_mask,标签全为背景类（无前景目标）,,,
cropped_H48F015017_clip8_49_0_0,empty_mask,标签全为背景类（无前景目标）,,,
cropped_H48F015017_clip8_50_0_0,empty_mask,标签全为背景类（无前景目标）,,,
cropped_H48F015017_clip8_51_0_0,empty_mask,标签全为背景类（无前景目标）,,,
cropped_H48F015017_clip8_52_0_0,empty_mask,标签全为背景类（无前景目标）,,,
cropped_H48F015017_clip8_53_0_0,empty_mask,标签全为背景类（无前景目标）,,,
cropped_H48F015017_clip8_54_0_0,empty_mask,标签全为背景类（无前景目标）,,,
cropped_H48F015017_clip8_55_0_0,empty_mask,标签全为背景类（无前景目标）,,,
cropped_H48F015017_clip8_56_0_0,empty_mask,标签全为背景类（无前景目标）,,,
cropped_H48F015017_clip8_57_0_0,empty_mask,标签全为背景类（无前景目标）,,,
cropped_H48F015017_clip8_58_0_0,empty_mask,标签全为背景类（无前景目标）,,,
cropped_H48F015017_clip8_59_0_0,empty_mask,标签全为背景类（无前景目标）,,,
cropped_H48F015017_clip8_60_0_0,empty_mask,标签全为背景类（无前景目标）,,,
cropped_H48F015017_clip8_61_0_0,empty_mask,标签全为背景类（无前景目标）,,,
cropped_H48F015017_clip8_62_0_0,empty_mask,标签全为背景类（无前景目标）,,,
cropped_H48F015017_clip8_63_0_0,empty_mask,标签全为背景类（无前景目标）,,,
cropped_H48F015017_clip8_64_0_0,empty_mask,标签全为背景类（无前景目标）,,,
cropped_H48F015017_clip8_65_0_0,empty_mask,标签全为背景类（无前景目标）,,,
cropped_H48F015017_clip8_66_0_0,empty_mask,标签全为背景类（无前景目标）,,,
cropped_H48F015017_clip8_67_0_0,empty_mask,标签全为背景类（无前景目标）,,,
cropped_H48F015017_clip8_68_0_0,empty_mask,标签全为背景类（无前景目标）,,,
cropped_H48F015017_clip8_69_0_0,empty_mask,标签全为背景类（无前景目标）,,,
cropped_H48F015017_clip8_70_0_0,empty_mask,标签全为背景类（无前景目标）,,,
cropped_H48F015017_clip8_71_0_0,empty_mask,标签全为背景类（无前景目标）,,,
cropped_H48F015017_clip8_72_0_0,empty_mask,标签全为背景类（无前景目标）,,,
cropped_H48F015017_clip8_73_0_0,empty_mask,标签全为背景类（无前景目标）,,,
cropped_H48F015017_clip8_74_0_0,empty_mask,标签全为背景类（无前景目标）,,,
cropped_H48F015017_clip8_75_0_0,empty_mask,标签全为背景类（无前景目标）,,,
cropped_H48F015017_clip8_76_0_0,empty_mask,标签全为背景类（无前景目标）,,,
cropped_H48F015017_clip8_77_0_0,empty_mask,标签全为背景类（无前景目标）,,,
cropped_H48F015017_clip8_78_0_0,empty_mask,标签全为背景类（无前景目标）,,,
cropped_H48F015017_clip8_81_0_0,empty_mask,标签全为背景类（无前景目标）,,,
cropped_H48F015017_clip8_82_0_0,empty_mask,标签全为背景类（无前景目标）,,,
cropped_H48F015017_clip8_83_0_0,empty_mask,标签全为背景类（无前景目标）,,,
cropped_H48F015017_clip8_84_0_0,empty_mask,标签全为背景类（无前景目标）,,,
cropped_H48F015017_clip8_85_0_0,empty_mask,标签全为背景类（无前景目标）,,,
cropped_H48F015017_clip8_86_0_0,empty_mask,标签全为背景类（无前景目标）,,,
cropped_H48F015017_clip8_87_0_0,empty_mask,标签全为背景类（无前景目标）,,,
cropped_H48F015017_clip8_91_0_0,empty_mask,标签全为背景类（无前景目标）,,,
cropped_H48F015017_clip8_92_0_0,empty_mask,标签全为背景类（无前景目标）,,,
cropped_H48F015017_clip8_93_0_0,empty_mask,标签全为背景类（无前景目标）,,,
cropped_H48F015017_clip8_94_0_0,empty_mask,标签全为背景类（无前景目标）,,,
cropped_H48F015017_clip8_95_0_0,empty_mask,标签全为背景类（无前景目标）,,,
cropped_H48F015017_clip8_96_0_0,empty_mask,标签全为背景类（无前景目标）,,,
cropped_H48F015017_clip8_97_0_0,empty_mask,标签全为背景类（无前景目标）,,,
cropped_H48F015017_clip8_98_0_0,empty_mask,标签全为背景类（无前景目标）,,,
cropped_cd_2_3(2)_clip9_64_0_0,empty_mask,标签全为背景类（无前景目标）,,,
cropped_cd_2_3(2)_clip9_72_0_0,empty_mask,标签全为背景类（无前景目标）,,,
cropped_cd_2_3(2)_clip9_78_0_0,empty_mask,标签全为背景类（无前景目标）,,,
cropped_cd_2_3(2)_clip9_85_0_0,empty_mask,标签全为背景类（无前景目标）,,,
cropped_cd_2_3(2)_clip9_99_0_0,empty_mask,标签全为背景类（无前景目标）,,,
cropped_cd_2_3(2)_clip8_64_0_0,empty_mask,标签全为背景类（无前景目标）,,,
cropped_cd_2_3(2)_clip8_90_0_0,empty_mask,标签全为背景类（无前景目标）,,,
cropped_cd_2_3(2)_clip8_95_0_0,empty_mask,标签全为背景类（无前景目标）,,,
cropped_cd_3_4(2)_clip8_29_-1_-1,empty_mask,标签全为背景类（无前景目标）,,,
cropped_cd_3_4(2)_clip8_30_0_-1,empty_mask,标签全为背景类（无前景目标）,,,
cropped_cd_3_4(2)_clip8_31_1_1,empty_mask,标签全为背景类（无前景目标）,,,
cropped_cd_3_4(2)_clip8_32_-1_1,empty_mask,标签全为背景类（无前景目标）,,,
cropped_cd_3_4(2)_clip8_33_0_0,empty_mask,标签全为背景类（无前景目标）,,,
cropped_cd_3_4(2)_clip8_57_0_0,empty_mask,标签全为背景类（无前景目标）,,,
cropped_cd_3_3(3)_clip1_19_0_-1,empty_mask,标签全为背景类（无前景目标）,,,
cropped_cd_3_3(3)_clip1_20_-1_1,empty_mask,标签全为背景类（无前景目标）,,,
cropped_cd_3_3(3)_clip1_43_-1_1,empty_mask,标签全为背景类（无前景目标）,,,
cropped_cd_3_3(3)_clip1_49_0_0,empty_mask,标签全为背景类（无前景目标）,,,
cropped_cd_3_3(3)_clip1_50_0_0,empty_mask,标签全为背景类（无前景目标）,,,
cropped_cd_3_3(3)_clip1_59_0_0,empty_mask,标签全为背景类（无前景目标）,,,
cropped_cd_3_3(3)_clip1_91_0_0,empty_mask,标签全为背景类（无前景目标）,,,
cropped_cd_2_4(3)_clip3_67_0_0,empty_mask,标签全为背景类（无前景目标）,,,
cropped_cd_3_3_clip1_19_0_1,empty_mask,标签全为背景类（无前景目标）,,,
cropped_cd_3_3_clip1_20_0_1,empty_mask,标签全为背景类（无前景目标）,,,
cropped_cd_3_3_clip1_24_0_-1,empty_mask,标签全为背景类（无前景目标）,,,
cropped_cd_3_3_clip1_25_0_0,empty_mask,标签全为背景类（无前景目标）,,,
cropped_cd_3_3_clip1_35_0_0,empty_mask,标签全为背景类（无前景目标）,,,
cropped_cd_3_3_clip1_45_0_0,empty_mask,标签全为背景类（无前景目标）,,,
cropped_cd_2_3(3)_clip2_41_-1_1,empty_mask,标签全为背景类（无前景目标）,,,
cropped_cd_2_3(3)_clip2_61_0_0,empty_mask,标签全为背景类（无前景目标）,,,
cropped_cd_2_3(3)_clip2_82_0_0,empty_mask,标签全为背景类（无前景目标）,,,
cropped_cd_2_3(3)_clip2_83_0_0,empty_mask,标签全为背景类（无前景目标）,,,
cropped_cd_2_3(3)_clip2_87_0_0,empty_mask,标签全为背景类（无前景目标）,,,
cropped_cd_2_3(3)_clip2_93_0_0,empty_mask,标签全为背景类（无前景目标）,,,
cropped_cd_2_3(3)_clip2_94_0_0,empty_mask,标签全为背景类（无前景目标）,,,
cropped_cd_3_3(2)_clip2_100_0_0,empty_mask,标签全为背景类（无前景目标）,,,
cropped_cd_3_3(2)_clip2_33_0_0,empty_mask,标签全为背景类（无前景目标）,,,
cropped_cd_3_3(2)_clip2_41_0_0,empty_mask,标签全为背景类（无前景目标）,,,
cropped_cd_3_3(2)_clip2_42_0_0,empty_mask,标签全为背景类（无前景目标）,,,
cropped_cd_3_3(2)_clip2_45_0_0,empty_mask,标签全为背景类（无前景目标）,,,
cropped_cd_3_3(2)_clip2_46_0_0,empty_mask,标签全为背景类（无前景目标）,,,
cropped_cd_3_3(2)_clip2_47_0_0,empty_mask,标签全为背景类（无前景目标）,,,
cropped_cd_3_3(2)_clip2_48_0_0,empty_mask,标签全为背景类（无前景目标）,,,
cropped_cd_3_3(2)_clip2_49_0_0,empty_mask,标签全为背景类（无前景目标）,,,
cropped_cd_3_3(2)_clip2_50_0_0,empty_mask,标签全为背景类（无前景目标）,,,
cropped_cd_3_3(2)_clip2_51_0_0,empty_mask,标签全为背景类（无前景目标）,,,
cropped_cd_3_3(2)_clip2_52_0_0,empty_mask,标签全为背景类（无前景目标）,,,
cropped_cd_3_3(2)_clip2_56_0_0,empty_mask,标签全为背景类（无前景目标）,,,
cropped_cd_3_3(2)_clip2_62_0_0,empty_mask,标签全为背景类（无前景目标）,,,
cropped_cd_3_3(2)_clip2_63_0_0,empty_mask,标签全为背景类（无前景目标）,,,
cropped_cd_3_3(2)_clip2_66_0_0,empty_mask,标签全为背景类（无前景目标）,,,
cropped_cd_3_3(2)_clip2_67_0_0,empty_mask,标签全为背景类（无前景目标）,,,
cropped_cd_3_3(2)_clip2_68_0_0,empty_mask,标签全为背景类（无前景目标）,,,
cropped_cd_3_3(2)_clip2_70_0_0,empty_mask,标签全为背景类（无前景目标）,,,
cropped_cd_3_3(2)_clip2_74_0_0,empty_mask,标签全为背景类（无前景目标）,,,
cropped_cd_3_3(2)_clip2_75_0_0,empty_mask,标签全为背景类（无前景目标）,,,
cropped_cd_3_3(2)_clip2_76_0_0,empty_mask,标签全为背景类（无前景目标）,,,
cropped_cd_3_3(2)_clip2_77_0_0,empty_mask,标签全为背景类（无前景目标）,,,
cropped_cd_3_3(2)_clip2_78_0_0,empty_mask,标签全为背景类（无前景目标）,,,
cropped_cd_3_3(2)_clip2_81_0_0,empty_mask,标签全为背景类（无前景目标）,,,
cropped_cd_3_3(2)_clip2_82_0_0,empty_mask,标签全为背景类（无前景目标）,,,
cropped_cd_3_3(2)_clip2_83_0_0,empty_mask,标签全为背景类（无前景目标）,,,
cropped_cd_3_3(2)_clip2_84_0_0,empty_mask,标签全为背景类（无前景目标）,,,
cropped_cd_3_3(2)_clip2_85_0_0,empty_mask,标签全为背景类（无前景目标）,,,
cropped_cd_3_3(2)_clip2_86_0_0,empty_mask,标签全为背景类（无前景目标）,,,
cropped_cd_3_3(2)_clip2_90_0_0,empty_mask,标签全为背景类（无前景目标）,,,
cropped_cd_3_3(2)_clip2_91_0_0,empty_mask,标签全为背景类（无前景目标）,,,
cropped_cd_3_3(2)_clip2_92_0_0,empty_mask,标签全为背景类（无前景目标）,,,
cropped_cd_3_3(2)_clip2_94_0_0,empty_mask,标签全为背景类（无前景目标）,,,
cropped_cd_3_3(2)_clip2_95_0_0,empty_mask,标签全为背景类（无前景目标）,,,
cropped_cd_3_3(2)_clip2_98_0_0,empty_mask,标签全为背景类（无前景目标）,,,
cropped_cd_3_3(2)_clip2_99_0_0,empty_mask,标签全为背景类（无前景目标）,,,
cropped_cd_3_4(2)_clip10_16_0_0,empty_mask,标签全为背景类（无前景目标）,,,
cropped_cd_3_4(2)_clip10_17_0_0,empty_mask,标签全为背景类（无前景目标）,,,
cropped_cd_3_4(2)_clip10_18_0_0,empty_mask,标签全为背景类（无前景目标）,,,
cropped_cd_3_4(2)_clip10_19_0_0,empty_mask,标签全为背景类（无前景目标）,,,
cropped_cd_3_4(2)_clip10_21_0_0,empty_mask,标签全为背景类（无前景目标）,,,
cropped_cd_3_4(2)_clip10_22_0_0,empty_mask,标签全为背景类（无前景目标）,,,
cropped_cd_3_4(2)_clip10_23_0_0,empty_mask,标签全为背景类（无前景目标）,,,
cropped_cd_3_4(2)_clip10_24_0_0,empty_mask,标签全为背景类（无前景目标）,,,
cropped_cd_3_4(2)_clip10_25_0_0,empty_mask,标签全为背景类（无前景目标）,,,
cropped_cd_3_4(2)_clip10_26_0_0,empty_mask,标签全为背景类（无前景目标）,,,
cropped_cd_3_4(2)_clip10_27_0_0,empty_mask,标签全为背景类（无前景目标）,,,
cropped_cd_3_4(2)_clip10_28_0_0,empty_mask,标签全为背景类（无前景目标）,,,
cropped_cd_3_4(2)_clip10_29_0_0,empty_mask,标签全为背景类（无前景目标）,,,
cropped_cd_3_4(2)_clip10_30_0_0,empty_mask,标签全为背景类（无前景目标）,,,
cropped_cd_3_4(2)_clip10_32_0_0,empty_mask,标签全为背景类（无前景目标）,,,
cropped_cd_3_4(2)_clip10_33_0_0,empty_mask,标签全为背景类（无前景目标）,,,
cropped_cd_3_4(2)_clip10_34_0_0,empty_mask,标签全为背景类（无前景目标）,,,
cropped_cd_3_4(2)_clip10_35_0_0,empty_mask,标签全为背景类（无前景目标）,,,
cropped_cd_3_4(2)_clip10_36_0_0,empty_mask,标签全为背景类（无前景目标）,,,
cropped_cd_3_4(2)_clip10_37_0_0,empty_mask,标签全为背景类（无前景目标）,,,
cropped_cd_3_4(2)_clip10_38_0_0,empty_mask,标签全为背景类（无前景目标）,,,
cropped_cd_3_4(2)_clip10_41_0_0,empty_mask,标签全为背景类（无前景目标）,,,
cropped_cd_3_4(2)_clip10_42_0_0,empty_mask,标签全为背景类（无前景目标）,,,
cropped_cd_3_4(2)_clip10_43_0_0,empty_mask,标签全为背景类（无前景目标）,,,
cropped_cd_3_4(2)_clip10_44_0_0,empty_mask,标签全为背景类（无前景目标）,,,
cropped_cd_3_4(2)_clip10_45_0_0,empty_mask,标签全为背景类（无前景目标）,,,
cropped_cd_3_4(2)_clip10_46_0_0,empty_mask,标签全为背景类（无前景目标）,,,
cropped_cd_3_4(2)_clip10_47_0_0,empty_mask,标签全为背景类（无前景目标）,,,
cropped_cd_3_4(2)_clip10_48_0_0,empty_mask,标签全为背景类（无前景目标）,,,
cropped_cd_3_4(2)_clip10_51_0_0,empty_mask,标签全为背景类（无前景目标）,,,
cropped_cd_3_4(2)_clip10_52_0_0,empty_mask,标签全为背景类（无前景目标）,,,
cropped_cd_3_4(2)_clip10_53_0_0,empty_mask,标签全为背景类（无前景目标）,,,
cropped_cd_3_4(2)_clip10_54_0_0,empty_mask,标签全为背景类（无前景目标）,,,
cropped_cd_3_4(2)_clip10_55_0_0,empty_mask,标签全为背景类（无前景目标）,,,
cropped_cd_3_4(2)_clip10_56_0_0,empty_mask,标签全为背景类（无前景目标）,,,
cropped_cd_3_4(2)_clip10_57_0_0,empty_mask,标签全为背景类（无前景目标）,,,
cropped_cd_3_4(2)_clip10_58_0_0,empty_mask,标签全为背景类（无前景目标）,,,
cropped_cd_3_4(2)_clip10_61_0_0,empty_mask,标签全为背景类（无前景目标）,,,
cropped_cd_3_4(2)_clip10_62_0_0,empty_mask,标签全为背景类（无前景目标）,,,
cropped_cd_3_4(2)_clip10_63_0_0,empty_mask,标签全为背景类（无前景目标）,,,
cropped_cd_3_4(2)_clip10_64_0_0,empty_mask,标签全为背景类（无前景目标）,,,
cropped_cd_3_4(2)_clip10_65_0_0,empty_mask,标签全为背景类（无前景目标）,,,
cropped_cd_3_4(2)_clip10_66_0_0,empty_mask,标签全为背景类（无前景目标）,,,
cropped_cd_3_4(2)_clip10_67_0_0,empty_mask,标签全为背景类（无前景目标）,,,
cropped_cd_3_4(2)_clip10_68_0_0,empty_mask,标签全为背景类（无前景目标）,,,
cropped_cd_3_4(2)_clip10_71_0_0,empty_mask,标签全为背景类（无前景目标）,,,
cropped_cd_3_4(2)_clip10_72_0_0,empty_mask,标签全为背景类（无前景目标）,,,
cropped_cd_3_4(2)_clip10_73_0_0,empty_mask,标签全为背景类（无前景目标）,,,
cropped_cd_3_4(2)_clip10_74_0_0,empty_mask,标签全为背景类（无前景目标）,,,
cropped_cd_3_4(2)_clip10_75_0_0,empty_mask,标签全为背景类（无前景目标）,,,
cropped_cd_3_4(2)_clip10_76_0_0,empty_mask,标签全为背景类（无前景目标）,,,
cropped_cd_3_4(2)_clip10_77_0_0,empty_mask,标签全为背景类（无前景目标）,,,
cropped_cd_3_4(2)_clip10_78_0_0,empty_mask,标签全为背景类（无前景目标）,,,
cropped_cd_3_4(2)_clip10_81_0_0,empty_mask,标签全为背景类（无前景目标）,,,
cropped_cd_3_4(2)_clip10_82_0_0,empty_mask,标签全为背景类（无前景目标）,,,
cropped_cd_3_4(2)_clip10_83_0_0,empty_mask,标签全为背景类（无前景目标）,,,
cropped_cd_3_4(2)_clip10_84_0_0,empty_mask,标签全为背景类（无前景目标）,,,
cropped_cd_3_4(2)_clip10_85_0_0,empty_mask,标签全为背景类（无前景目标）,,,
cropped_cd_3_4(2)_clip10_86_0_0,empty_mask,标签全为背景类（无前景目标）,,,
cropped_cd_3_4(2)_clip10_87_0_0,empty_mask,标签全为背景类（无前景目标）,,,
cropped_cd_3_4(2)_clip10_91_0_0,empty_mask,标签全为背景类（无前景目标）,,,
cropped_cd_3_4(2)_clip10_92_0_0,empty_mask,标签全为背景类（无前景目标）,,,
cropped_cd_3_4(2)_clip10_93_0_0,empty_mask,标签全为背景类（无前景目标）,,,
cropped_cd_3_4(2)_clip10_94_0_0,empty_mask,标签全为背景类（无前景目标）,,,
cropped_cd_3_4(2)_clip10_95_0_0,empty_mask,标签全为背景类（无前景目标）,,,
cropped_cd_3_4(2)_clip10_96_0_0,empty_mask,标签全为背景类（无前景目标）,,,
cropped_cd_3_4(2)_clip10_97_0_0,empty_mask,标签全为背景类（无前景目标）,,,
cropped_cd_2_3_clip11_51_0_0,empty_mask,标签全为背景类（无前景目标）,,,
cropped_cd_2_3_clip11_67_0_0,empty_mask,标签全为背景类（无前景目标）,,,
cropped_cd_2_3_clip11_68_0_0,empty_mask,标签全为背景类（无前景目标）,,,
cropped_cd_2_4_clip4_62_0_0,empty_mask,标签全为背景类（无前景目标）,,,
cropped_cd_2_4_clip4_63_0_0,empty_mask,标签全为背景类（无前景目标）,,,
cropped_cd_2_4_clip4_64_0_0,empty_mask,标签全为背景类（无前景目标）,,,
cropped_cd_2_4_clip4_74_0_0,empty_mask,标签全为背景类（无前景目标）,,,
cropped_cd_2_4(2)_clip4_27_0_0,empty_mask,标签全为背景类（无前景目标）,,,
cropped_cd_2_4(2)_clip4_28_0_0,empty_mask,标签全为背景类（无前景目标）,,,
cropped_cd_2_4(2)_clip4_32_0_0,empty_mask,标签全为背景类（无前景目标）,,,
cropped_cd_2_4(2)_clip4_33_0_0,empty_mask,标签全为背景类（无前景目标）,,,
cropped_cd_2_4(2)_clip4_34_0_0,empty_mask,标签全为背景类（无前景目标）,,,
cropped_cd_2_4(2)_clip4_35_0_0,empty_mask,标签全为背景类（无前景目标）,,,
cropped_cd_2_4(2)_clip4_36_0_0,empty_mask,标签全为背景类（无前景目标）,,,
cropped_cd_2_4(2)_clip4_37_0_0,empty_mask,标签全为背景类（无前景目标）,,,
cropped_cd_2_4(2)_clip4_91_0_0,empty_mask,标签全为背景类（无前景目标）,,,
cropped_cd_2_4(2)_clip4_92_0_0,empty_mask,标签全为背景类（无前景目标）,,,
cropped_cd_2_4(2)_clip4_93_0_0,empty_mask,标签全为背景类（无前景目标）,,,
cropped_cd_3_3(2)_clip4_19_0_0,empty_mask,标签全为背景类（无前景目标）,,,
cropped_cd_3_3(2)_clip4_20_0_0,empty_mask,标签全为背景类（无前景目标）,,,
cropped_cd_3_3(2)_clip4_21_0_0,empty_mask,标签全为背景类（无前景目标）,,,
cropped_cd_3_3(2)_clip4_22_0_0,empty_mask,标签全为背景类（无前景目标）,,,
cropped_cd_3_3(2)_clip4_23_0_0,empty_mask,标签全为背景类（无前景目标）,,,
cropped_cd_3_3(2)_clip4_24_0_0,empty_mask,标签全为背景类（无前景目标）,,,
cropped_cd_3_3(2)_clip4_25_0_0,empty_mask,标签全为背景类（无前景目标）,,,
cropped_cd_3_3(2)_clip4_26_0_0,empty_mask,标签全为背景类（无前景目标）,,,
cropped_cd_3_3(2)_clip4_27_0_0,empty_mask,标签全为背景类（无前景目标）,,,
cropped_cd_3_3(2)_clip4_28_0_0,empty_mask,标签全为背景类（无前景目标）,,,
cropped_cd_3_3(2)_clip4_29_0_0,empty_mask,标签全为背景类（无前景目标）,,,
cropped_cd_3_3(2)_clip4_30_0_0,empty_mask,标签全为背景类（无前景目标）,,,
cropped_cd_3_3(2)_clip4_31_0_0,empty_mask,标签全为背景类（无前景目标）,,,
cropped_cd_3_3(2)_clip4_32_0_0,empty_mask,标签全为背景类（无前景目标）,,,
cropped_cd_3_3(2)_clip4_33_0_0,empty_mask,标签全为背景类（无前景目标）,,,
cropped_cd_3_3(2)_clip4_34_0_0,empty_mask,标签全为背景类（无前景目标）,,,
cropped_cd_3_3(2)_clip4_35_0_0,empty_mask,标签全为背景类（无前景目标）,,,
cropped_cd_3_3(2)_clip4_36_0_0,empty_mask,标签全为背景类（无前景目标）,,,
cropped_cd_3_3(2)_clip4_37_0_0,empty_mask,标签全为背景类（无前景目标）,,,
cropped_cd_3_3(2)_clip4_38_0_0,empty_mask,标签全为背景类（无前景目标）,,,
cropped_cd_3_3(2)_clip4_39_0_0,empty_mask,标签全为背景类（无前景目标）,,,
cropped_cd_3_3(2)_clip4_40_0_0,empty_mask,标签全为背景类（无前景目标）,,,
cropped_cd_3_3(2)_clip4_41_0_0,empty_mask,标签全为背景类（无前景目标）,,,
cropped_cd_3_3(2)_clip4_42_0_0,empty_mask,标签全为背景类（无前景目标）,,,
cropped_cd_3_3(2)_clip4_43_0_0,empty_mask,标签全为背景类（无前景目标）,,,
cropped_cd_3_3(2)_clip4_44_0_0,empty_mask,标签全为背景类（无前景目标）,,,
cropped_cd_3_3(2)_clip4_45_0_0,empty_mask,标签全为背景类（无前景目标）,,,
cropped_cd_3_3(2)_clip4_46_0_0,empty_mask,标签全为背景类（无前景目标）,,,
cropped_cd_3_3(2)_clip4_47_0_0,empty_mask,标签全为背景类（无前景目标）,,,
cropped_cd_3_3(2)_clip4_48_0_0,empty_mask,标签全为背景类（无前景目标）,,,
cropped_cd_3_3(2)_clip4_54_0_0,empty_mask,标签全为背景类（无前景目标）,,,
cropped_cd_3_3(2)_clip4_55_0_0,empty_mask,标签全为背景类（无前景目标）,,,
cropped_cd_3_3(2)_clip4_56_0_0,empty_mask,标签全为背景类（无前景目标）,,,
cropped_cd_3_3(2)_clip4_57_0_0,empty_mask,标签全为背景类（无前景目标）,,,
cropped_cd_3_3(2)_clip4_58_0_0,empty_mask,标签全为背景类（无前景目标）,,,
cropped_cd_3_3(2)_clip4_63_0_0,empty_mask,标签全为背景类（无前景目标）,,,
cropped_cd_3_3(2)_clip4_64_0_0,empty_mask,标签全为背景类（无前景目标）,,,
cropped_cd_3_3(2)_clip4_65_0_0,empty_mask,标签全为背景类（无前景目标）,,,
cropped_cd_3_3(2)_clip4_66_0_0,empty_mask,标签全为背景类（无前景目标）,,,
cropped_cd_3_3(2)_clip4_67_0_0,empty_mask,标签全为背景类（无前景目标）,,,
cropped_cd_3_3(2)_clip4_72_0_0,empty_mask,标签全为背景类（无前景目标）,,,
cropped_cd_3_3(2)_clip4_73_0_0,empty_mask,标签全为背景类（无前景目标）,,,
cropped_cd_3_3(2)_clip4_74_0_0,empty_mask,标签全为背景类（无前景目标）,,,
cropped_cd_3_3(2)_clip4_75_0_0,empty_mask,标签全为背景类（无前景目标）,,,
cropped_cd_3_3(2)_clip4_81_0_0,empty_mask,标签全为背景类（无前景目标）,,,
cropped_cd_3_4_clip4_33_-1_0,empty_mask,标签全为背景类（无前景目标）,,,
cropped_cd_3_4_clip4_34_0_0,empty_mask,标签全为背景类（无前景目标）,,,
cropped_cd_3_4_clip4_70_0_0,empty_mask,标签全为背景类（无前景目标）,,,
cropped_cd_3_4_clip4_71_0_0,empty_mask,标签全为背景类（无前景目标）,,,
cropped_cd_3_4_clip4_74_0_0,empty_mask,标签全为背景类（无前景目标）,,,
cropped_cd_3_4_clip4_76_0_0,empty_mask,标签全为背景类（无前景目标）,,,
cropped_cd_3_4_clip4_77_0_0,empty_mask,标签全为背景类（无前景目标）,,,
cropped_cd_3_4_clip4_78_0_0,empty_mask,标签全为背景类（无前景目标）,,,
cropped_cd_3_4_clip4_79_0_0,empty_mask,标签全为背景类（无前景目标）,,,
cropped_cd_3_4_clip4_83_0_0,empty_mask,标签全为背景类（无前景目标）,,,
cropped_cd_3_4_clip4_84_0_0,empty_mask,标签全为背景类（无前景目标）,,,
cropped_cd_3_4_clip4_86_0_0,empty_mask,标签全为背景类（无前景目标）,,,
cropped_cd_3_4_clip4_87_0_0,empty_mask,标签全为背景类（无前景目标）,,,
cropped_cd_3_4_clip4_88_0_0,empty_mask,标签全为背景类（无前景目标）,,,
cropped_cd_3_4(2)_clip1_53_0_0,empty_mask,标签全为背景类（无前景目标）,,,
cropped_cd_2_4_clip1_28_0_0,empty_mask,标签全为背景类（无前景目标）,,,
cropped_cd_2_4_clip1_32_0_0,empty_mask,标签全为背景类（无前景目标）,,,
cropped_cd_2_4_clip1_37_0_0,empty_mask,标签全为背景类（无前景目标）,,,
cropped_cd_2_4_clip1_38_0_0,empty_mask,标签全为背景类（无前景目标）,,,
cropped_cd_2_4_clip1_45_0_0,empty_mask,标签全为背景类（无前景目标）,,,
cropped_cd_2_4_clip1_46_0_0,empty_mask,标签全为背景类（无前景目标）,,,
cropped_cd_2_4_clip1_47_0_0,empty_mask,标签全为背景类（无前景目标）,,,
cropped_cd_2_4_clip1_53_0_0,empty_mask,标签全为背景类（无前景目标）,,,
cropped_cd_2_4_clip1_54_0_0,empty_mask,标签全为背景类（无前景目标）,,,
cropped_cd_2_4_clip1_55_0_0,empty_mask,标签全为背景类（无前景目标）,,,
cropped_cd_2_4_clip1_56_0_0,empty_mask,标签全为背景类（无前景目标）,,,
cropped_cd_2_4_clip1_57_0_0,empty_mask,标签全为背景类（无前景目标）,,,
cropped_cd_2_4_clip1_63_0_0,empty_mask,标签全为背景类（无前景目标）,,,
cropped_cd_2_4_clip1_64_0_0,empty_mask,标签全为背景类（无前景目标）,,,
cropped_cd_2_4_clip1_65_0_0,empty_mask,标签全为背景类（无前景目标）,,,
cropped_cd_2_4_clip1_66_0_0,empty_mask,标签全为背景类（无前景目标）,,,
cropped_cd_2_4_clip1_67_0_0,empty_mask,标签全为背景类（无前景目标）,,,
cropped_cd_2_4_clip1_68_0_0,empty_mask,标签全为背景类（无前景目标）,,,
cropped_cd_2_4_clip1_69_0_0,empty_mask,标签全为背景类（无前景目标）,,,
cropped_cd_2_4_clip1_76_0_0,empty_mask,标签全为背景类（无前景目标）,,,
cropped_cd_2_4_clip1_77_0_0,empty_mask,标签全为背景类（无前景目标）,,,
cropped_cd_2_4_clip1_78_0_0,empty_mask,标签全为背景类（无前景目标）,,,
cropped_cd_2_4_clip1_79_0_0,empty_mask,标签全为背景类（无前景目标）,,,
cropped_cd_2_4_clip1_86_0_0,empty_mask,标签全为背景类（无前景目标）,,,
cropped_cd_2_4_clip1_87_0_0,empty_mask,标签全为背景类（无前景目标）,,,
cropped_cd_2_4_clip1_88_0_0,empty_mask,标签全为背景类（无前景目标）,,,
cropped_cd_2_4_clip1_96_0_0,empty_mask,标签全为背景类（无前景目标）,,,
cropped_cd_2_4_clip1_97_0_0,empty_mask,标签全为背景类（无前景目标）,,,
cropped_cd_3_4_clip2_50_0_0,empty_mask,标签全为背景类（无前景目标）,,,
cropped_cd_2_4(3)_clip1_30_0_0,empty_mask,标签全为背景类（无前景目标）,,,
cropped_cd_2_4(3)_clip1_51_0_0,empty_mask,标签全为背景类（无前景目标）,,,
cropped_cd_2_4(3)_clip1_52_0_0,empty_mask,标签全为背景类（无前景目标）,,,
cropped_cd_2_4(3)_clip1_53_0_0,empty_mask,标签全为背景类（无前景目标）,,,
cropped_cd_2_4(3)_clip1_59_0_0,empty_mask,标签全为背景类（无前景目标）,,,
cropped_cd_2_4(3)_clip1_60_0_0,empty_mask,标签全为背景类（无前景目标）,,,
cropped_cd_2_4(3)_clip1_64_0_0,empty_mask,标签全为背景类（无前景目标）,,,
cropped_cd_2_4(3)_clip1_65_0_0,empty_mask,标签全为背景类（无前景目标）,,,
cropped_cd_2_4(3)_clip1_70_0_0,empty_mask,标签全为背景类（无前景目标）,,,
cropped_cd_2_4(3)_clip1_71_0_0,empty_mask,标签全为背景类（无前景目标）,,,
cropped_cd_2_4(3)_clip1_94_0_0,empty_mask,标签全为背景类（无前景目标）,,,
cropped_cd_2_4(3)_clip1_95_0_0,empty_mask,标签全为背景类（无前景目标）,,,
cropped_cd_2_4(3)_clip1_99_0_0,empty_mask,标签全为背景类（无前景目标）,,,
cropped_H48F015016_clip3_32_-1_1,empty_mask,标签全为背景类（无前景目标）,,,
cropped_H48F015016_clip3_36_1_0,empty_mask,标签全为背景类（无前景目标）,,,
cropped_H48F015016_clip3_37_1_0,empty_mask,标签全为背景类（无前景目标）,,,
cropped_H48F015016_clip3_38_1_0,empty_mask,标签全为背景类（无前景目标）,,,
cropped_H48F015016_clip3_39_1_0,empty_mask,标签全为背景类（无前景目标）,,,
cropped_H48F015016_clip3_40_1_0,empty_mask,标签全为背景类（无前景目标）,,,
cropped_H48F015016_clip3_45_0_0,empty_mask,标签全为背景类（无前景目标）,,,
cropped_H48F015016_clip3_46_0_0,empty_mask,标签全为背景类（无前景目标）,,,
cropped_H48F015016_clip3_48_0_0,empty_mask,标签全为背景类（无前景目标）,,,
cropped_H48F015016_clip3_59_0_0,empty_mask,标签全为背景类（无前景目标）,,,
cropped_H48F015016_clip3_71_0_0,empty_mask,标签全为背景类（无前景目标）,,,
cropped_H48F015016_clip3_78_0_0,empty_mask,标签全为背景类（无前景目标）,,,
cropped_H48F015016_clip3_84_0_0,empty_mask,标签全为背景类（无前景目标）,,,
cropped_cd_2_3(2)_clip5_41_-1_0,empty_mask,标签全为背景类（无前景目标）,,,
cropped_cd_2_3(2)_clip2_100_0_0,empty_mask,标签全为背景类（无前景目标）,,,
cropped_cd_2_3(2)_clip2_50_0_0,empty_mask,标签全为背景类（无前景目标）,,,
cropped_cd_2_3(2)_clip2_56_0_0,empty_mask,标签全为背景类（无前景目标）,,,
cropped_cd_2_3(2)_clip2_57_0_0,empty_mask,标签全为背景类（无前景目标）,,,
cropped_cd_2_3(2)_clip2_65_0_0,empty_mask,标签全为背景类（无前景目标）,,,
cropped_cd_2_3(2)_clip2_66_0_0,empty_mask,标签全为背景类（无前景目标）,,,
cropped_cd_2_3(2)_clip2_73_0_0,empty_mask,标签全为背景类（无前景目标）,,,
cropped_cd_2_3(2)_clip2_79_0_0,empty_mask,标签全为背景类（无前景目标）,,,
cropped_cd_2_3(2)_clip2_83_0_0,empty_mask,标签全为背景类（无前景目标）,,,
cropped_cd_2_3(2)_clip2_86_0_0,empty_mask,标签全为背景类（无前景目标）,,,
cropped_cd_2_3(2)_clip2_87_0_0,empty_mask,标签全为背景类（无前景目标）,,,
cropped_cd_2_3(2)_clip2_89_0_0,empty_mask,标签全为背景类（无前景目标）,,,
cropped_cd_2_3(2)_clip2_90_0_0,empty_mask,标签全为背景类（无前景目标）,,,
cropped_cd_2_3(2)_clip2_91_0_0,empty_mask,标签全为背景类（无前景目标）,,,
cropped_cd_2_3(2)_clip2_92_0_0,empty_mask,标签全为背景类（无前景目标）,,,
cropped_cd_2_3(2)_clip2_93_0_0,empty_mask,标签全为背景类（无前景目标）,,,
cropped_cd_2_3(2)_clip2_95_0_0,empty_mask,标签全为背景类（无前景目标）,,,
cropped_cd_2_3(2)_clip2_96_0_0,empty_mask,标签全为背景类（无前景目标）,,,
cropped_cd_2_3(2)_clip2_97_0_0,empty_mask,标签全为背景类（无前景目标）,,,
cropped_cd_2_3(2)_clip2_98_0_0,empty_mask,标签全为背景类（无前景目标）,,,
cropped_cd_2_3(2)_clip2_99_0_0,empty_mask,标签全为背景类（无前景目标）,,,
cropped_cd_2_3(2)_clip1_10_-1_0,empty_mask,标签全为背景类（无前景目标）,,,
cropped_cd_2_3(2)_clip1_12_1_-1,empty_mask,标签全为背景类（无前景目标）,,,
cropped_cd_2_3(2)_clip1_13_0_-1,empty_mask,标签全为背景类（无前景目标）,,,
cropped_cd_2_3(2)_clip1_14_0_-1,empty_mask,标签全为背景类（无前景目标）,,,
cropped_cd_2_3(2)_clip1_29_0_0,empty_mask,标签全为背景类（无前景目标）,,,
cropped_cd_2_3(2)_clip1_30_0_0,empty_mask,标签全为背景类（无前景目标）,,,
cropped_cd_2_3(2)_clip1_31_0_0,empty_mask,标签全为背景类（无前景目标）,,,
cropped_cd_2_3(2)_clip1_32_0_0,empty_mask,标签全为背景类（无前景目标）,,,
cropped_cd_2_3(2)_clip1_33_0_0,empty_mask,标签全为背景类（无前景目标）,,,
cropped_cd_2_3(2)_clip1_38_0_0,empty_mask,标签全为背景类（无前景目标）,,,
cropped_cd_2_3(2)_clip1_9_0_1,empty_mask,标签全为背景类（无前景目标）,,,
cropped_cd_3_4_clip5_52_0_0,empty_mask,标签全为背景类（无前景目标）,,,
cropped_cd_2_3_clip17_81_0_0,empty_mask,标签全为背景类（无前景目标）,,,
cropped_cd_2_3_clip17_91_0_0,empty_mask,标签全为背景类（无前景目标）,,,
cropped_cd_2_3_clip12_79_0_0,empty_mask,标签全为背景类（无前景目标）,,,
cropped_cd_2_3_clip12_86_0_0,empty_mask,标签全为背景类（无前景目标）,,,
cropped_cd_2_3_clip12_87_0_0,empty_mask,标签全为背景类（无前景目标）,,,
cropped_H48F015017_clip5_11_-1_1,empty_mask,标签全为背景类（无前景目标）,,,
cropped_H48F015017_clip5_12_-1_1,empty_mask,标签全为背景类（无前景目标）,,,
cropped_H48F015017_clip5_21_0_-1,empty_mask,标签全为背景类（无前景目标）,,,
cropped_H48F015017_clip5_22_1_0,empty_mask,标签全为背景类（无前景目标）,,,
cropped_H48F015017_clip5_23_0_1,empty_mask,标签全为背景类（无前景目标）,,,
cropped_H48F015017_clip5_24_-1_1,empty_mask,标签全为背景类（无前景目标）,,,
cropped_H48F015017_clip5_25_1_0,empty_mask,标签全为背景类（无前景目标）,,,
cropped_H48F015017_clip5_26_1_0,empty_mask,标签全为背景类（无前景目标）,,,
cropped_H48F015017_clip5_2_-1_-1,empty_mask,标签全为背景类（无前景目标）,,,
cropped_H48F015017_clip5_37_-1_-1,empty_mask,标签全为背景类（无前景目标）,,,
cropped_H48F015017_clip5_45_0_-1,empty_mask,标签全为背景类（无前景目标）,,,
cropped_H48F015017_clip5_48_1_-1,empty_mask,标签全为背景类（无前景目标）,,,
cropped_H48F015017_clip5_4_-1_1,empty_mask,标签全为背景类（无前景目标）,,,
cropped_H48F015017_clip5_64_-1_0,empty_mask,标签全为背景类（无前景目标）,,,
cropped_H48F015017_clip5_65_-1_1,empty_mask,标签全为背景类（无前景目标）,,,
cropped_H48F015017_clip5_66_1_1,empty_mask,标签全为背景类（无前景目标）,,,
cropped_H48F015017_clip5_67_-1_0,empty_mask,标签全为背景类（无前景目标）,,,
cropped_H48F015017_clip5_69_0_0,empty_mask,标签全为背景类（无前景目标）,,,
cropped_H48F015017_clip5_77_0_0,empty_mask,标签全为背景类（无前景目标）,,,
cropped_H48F015017_clip5_78_0_0,empty_mask,标签全为背景类（无前景目标）,,,
cropped_H48F015017_clip5_83_0_0,empty_mask,标签全为背景类（无前景目标）,,,
cropped_H48F015017_clip5_94_0_0,empty_mask,标签全为背景类（无前景目标）,,,
cropped_H48F015017_clip5_9_1_0,empty_mask,标签全为背景类（无前景目标）,,,
cropped_cd_3_3_clip11_84_0_0,empty_mask,标签全为背景类（无前景目标）,,,
cropped_cd_2_3(3)_clip3_28_-1_-1,empty_mask,标签全为背景类（无前景目标）,,,
cropped_cd_2_3(3)_clip3_70_0_0,empty_mask,标签全为背景类（无前景目标）,,,
cropped_cd_2_3(3)_clip3_71_0_0,empty_mask,标签全为背景类（无前景目标）,,,
cropped_cd_2_3(3)_clip3_87_0_0,empty_mask,标签全为背景类（无前景目标）,,,
cropped_cd_2_3(3)_clip3_88_0_0,empty_mask,标签全为背景类（无前景目标）,,,
cropped_cd_2_3(3)_clip3_90_0_0,empty_mask,标签全为背景类（无前景目标）,,,
cropped_cd_2_3(3)_clip3_91_0_0,empty_mask,标签全为背景类（无前景目标）,,,
cropped_cd_2_3(3)_clip3_92_0_0,empty_mask,标签全为背景类（无前景目标）,,,
cropped_cd_2_3(3)_clip3_93_0_0,empty_mask,标签全为背景类（无前景目标）,,,
cropped_cd_2_3(3)_clip3_94_0_0,empty_mask,标签全为背景类（无前景目标）,,,
cropped_cd_2_3(3)_clip3_98_0_0,empty_mask,标签全为背景类（无前景目标）,,,
cropped_cd_2_3(3)_clip3_99_0_0,empty_mask,标签全为背景类（无前景目标）,,,
cropped_cd_2_3_clip16_100_0_0,empty_mask,标签全为背景类（无前景目标）,,,
cropped_cd_2_3_clip16_10_1_-1,empty_mask,标签全为背景类（无前景目标）,,,
cropped_cd_2_3_clip16_11_-1_-1,empty_mask,标签全为背景类（无前景目标）,,,
cropped_cd_2_3_clip16_12_-1_0,empty_mask,标签全为背景类（无前景目标）,,,
cropped_cd_2_3_clip16_13_-1_1,empty_mask,标签全为背景类（无前景目标）,,,
cropped_cd_2_3_clip16_14_-1_0,empty_mask,标签全为背景类（无前景目标）,,,
cropped_cd_2_3_clip16_15_0_1,empty_mask,标签全为背景类（无前景目标）,,,
cropped_cd_2_3_clip16_16_0_1,empty_mask,标签全为背景类（无前景目标）,,,
cropped_cd_2_3_clip16_17_0_1,empty_mask,标签全为背景类（无前景目标）,,,
cropped_cd_2_3_clip16_18_1_1,empty_mask,标签全为背景类（无前景目标）,,,
cropped_cd_2_3_clip16_19_1_0,empty_mask,标签全为背景类（无前景目标）,,,
cropped_cd_2_3_clip16_1_-1_-1,empty_mask,标签全为背景类（无前景目标）,,,
cropped_cd_2_3_clip16_20_1_-1,empty_mask,标签全为背景类（无前景目标）,,,
cropped_cd_2_3_clip16_21_0_1,empty_mask,标签全为背景类（无前景目标）,,,
cropped_cd_2_3_clip16_22_-1_1,empty_mask,标签全为背景类（无前景目标）,,,
cropped_cd_2_3_clip16_23_1_1,empty_mask,标签全为背景类（无前景目标）,,,
cropped_cd_2_3_clip16_24_1_0,empty_mask,标签全为背景类（无前景目标）,,,
cropped_cd_2_3_clip16_25_1_-1,empty_mask,标签全为背景类（无前景目标）,,,
cropped_cd_2_3_clip16_26_0_-1,empty_mask,标签全为背景类（无前景目标）,,,
cropped_cd_2_3_clip16_27_0_-1,empty_mask,标签全为背景类（无前景目标）,,,
cropped_cd_2_3_clip16_28_1_1,empty_mask,标签全为背景类（无前景目标）,,,
cropped_cd_2_3_clip16_29_0_1,empty_mask,标签全为背景类（无前景目标）,,,
cropped_cd_2_3_clip16_2_1_0,empty_mask,标签全为背景类（无前景目标）,,,
cropped_cd_2_3_clip16_30_-1_1,empty_mask,标签全为背景类（无前景目标）,,,
cropped_cd_2_3_clip16_31_-1_1,empty_mask,标签全为背景类（无前景目标）,,,
cropped_cd_2_3_clip16_32_-1_0,empty_mask,标签全为背景类（无前景目标）,,,
cropped_cd_2_3_clip16_33_-1_-1,empty_mask,标签全为背景类（无前景目标）,,,
cropped_cd_2_3_clip16_34_1_-1,empty_mask,标签全为背景类（无前景目标）,,,
cropped_cd_2_3_clip16_35_1_0,empty_mask,标签全为背景类（无前景目标）,,,
cropped_cd_2_3_clip16_36_0_-1,empty_mask,标签全为背景类（无前景目标）,,,
cropped_cd_2_3_clip16_37_0_0,empty_mask,标签全为背景类（无前景目标）,,,
cropped_cd_2_3_clip16_38_0_0,empty_mask,标签全为背景类（无前景目标）,,,
cropped_cd_2_3_clip16_39_0_0,empty_mask,标签全为背景类（无前景目标）,,,
cropped_cd_2_3_clip16_3_-1_1,empty_mask,标签全为背景类（无前景目标）,,,
cropped_cd_2_3_clip16_40_0_0,empty_mask,标签全为背景类（无前景目标）,,,
cropped_cd_2_3_clip16_41_0_0,empty_mask,标签全为背景类（无前景目标）,,,
cropped_cd_2_3_clip16_42_0_0,empty_mask,标签全为背景类（无前景目标）,,,
cropped_cd_2_3_clip16_43_0_0,empty_mask,标签全为背景类（无前景目标）,,,
cropped_cd_2_3_clip16_44_0_0,empty_mask,标签全为背景类（无前景目标）,,,
cropped_cd_2_3_clip16_45_0_0,empty_mask,标签全为背景类（无前景目标）,,,
cropped_cd_2_3_clip16_46_0_0,empty_mask,标签全为背景类（无前景目标）,,,
cropped_cd_2_3_clip16_47_0_0,empty_mask,标签全为背景类（无前景目标）,,,
cropped_cd_2_3_clip16_48_0_0,empty_mask,标签全为背景类（无前景目标）,,,
cropped_cd_2_3_clip16_49_0_0,empty_mask,标签全为背景类（无前景目标）,,,
cropped_cd_2_3_clip16_4_1_1,empty_mask,标签全为背景类（无前景目标）,,,
cropped_cd_2_3_clip16_50_0_0,empty_mask,标签全为背景类（无前景目标）,,,
cropped_cd_2_3_clip16_51_0_0,empty_mask,标签全为背景类（无前景目标）,,,
cropped_cd_2_3_clip16_52_0_0,empty_mask,标签全为背景类（无前景目标）,,,
cropped_cd_2_3_clip16_53_0_0,empty_mask,标签全为背景类（无前景目标）,,,
cropped_cd_2_3_clip16_54_0_0,empty_mask,标签全为背景类（无前景目标）,,,
cropped_cd_2_3_clip16_55_0_0,empty_mask,标签全为背景类（无前景目标）,,,
cropped_cd_2_3_clip16_56_0_0,empty_mask,标签全为背景类（无前景目标）,,,
cropped_cd_2_3_clip16_57_0_0,empty_mask,标签全为背景类（无前景目标）,,,
cropped_cd_2_3_clip16_58_0_0,empty_mask,标签全为背景类（无前景目标）,,,
cropped_cd_2_3_clip16_59_0_0,empty_mask,标签全为背景类（无前景目标）,,,
cropped_cd_2_3_clip16_5_1_-1,empty_mask,标签全为背景类（无前景目标）,,,
cropped_cd_2_3_clip16_60_0_0,empty_mask,标签全为背景类（无前景目标）,,,
cropped_cd_2_3_clip16_61_0_0,empty_mask,标签全为背景类（无前景目标）,,,
cropped_cd_2_3_clip16_62_0_0,empty_mask,标签全为背景类（无前景目标）,,,
cropped_cd_2_3_clip16_63_0_0,empty_mask,标签全为背景类（无前景目标）,,,
cropped_cd_2_3_clip16_64_0_0,empty_mask,标签全为背景类（无前景目标）,,,
cropped_cd_2_3_clip16_65_0_0,empty_mask,标签全为背景类（无前景目标）,,,
cropped_cd_2_3_clip16_66_0_0,empty_mask,标签全为背景类（无前景目标）,,,
cropped_cd_2_3_clip16_67_0_0,empty_mask,标签全为背景类（无前景目标）,,,
cropped_cd_2_3_clip16_68_0_0,empty_mask,标签全为背景类（无前景目标）,,,
cropped_cd_2_3_clip16_69_0_0,empty_mask,标签全为背景类（无前景目标）,,,
cropped_cd_2_3_clip16_6_1_1,empty_mask,标签全为背景类（无前景目标）,,,
cropped_cd_2_3_clip16_70_0_0,empty_mask,标签全为背景类（无前景目标）,,,
cropped_cd_2_3_clip16_71_0_0,empty_mask,标签全为背景类（无前景目标）,,,
cropped_cd_2_3_clip16_72_0_0,empty_mask,标签全为背景类（无前景目标）,,,
cropped_cd_2_3_clip16_73_0_0,empty_mask,标签全为背景类（无前景目标）,,,
cropped_cd_2_3_clip16_74_0_0,empty_mask,标签全为背景类（无前景目标）,,,
cropped_cd_2_3_clip16_75_0_0,empty_mask,标签全为背景类（无前景目标）,,,
cropped_cd_2_3_clip16_76_0_0,empty_mask,标签全为背景类（无前景目标）,,,
cropped_cd_2_3_clip16_77_0_0,empty_mask,标签全为背景类（无前景目标）,,,
cropped_cd_2_3_clip16_78_0_0,empty_mask,标签全为背景类（无前景目标）,,,
cropped_cd_2_3_clip16_79_0_0,empty_mask,标签全为背景类（无前景目标）,,,
cropped_cd_2_3_clip16_7_0_-1,empty_mask,标签全为背景类（无前景目标）,,,
cropped_cd_2_3_clip16_80_0_0,empty_mask,标签全为背景类（无前景目标）,,,
cropped_cd_2_3_clip16_81_0_0,empty_mask,标签全为背景类（无前景目标）,,,
cropped_cd_2_3_clip16_82_0_0,empty_mask,标签全为背景类（无前景目标）,,,
cropped_cd_2_3_clip16_83_0_0,empty_mask,标签全为背景类（无前景目标）,,,
cropped_cd_2_3_clip16_84_0_0,empty_mask,标签全为背景类（无前景目标）,,,
cropped_cd_2_3_clip16_85_0_0,empty_mask,标签全为背景类（无前景目标）,,,
cropped_cd_2_3_clip16_86_0_0,empty_mask,标签全为背景类（无前景目标）,,,
cropped_cd_2_3_clip16_87_0_0,empty_mask,标签全为背景类（无前景目标）,,,
cropped_cd_2_3_clip16_88_0_0,empty_mask,标签全为背景类（无前景目标）,,,
cropped_cd_2_3_clip16_89_0_0,empty_mask,标签全为背景类（无前景目标）,,,
cropped_cd_2_3_clip16_8_0_-1,empty_mask,标签全为背景类（无前景目标）,,,
cropped_cd_2_3_clip16_90_0_0,empty_mask,标签全为背景类（无前景目标）,,,
cropped_cd_2_3_clip16_91_0_0,empty_mask,标签全为背景类（无前景目标）,,,
cropped_cd_2_3_clip16_92_0_0,empty_mask,标签全为背景类（无前景目标）,,,
cropped_cd_2_3_clip16_93_0_0,empty_mask,标签全为背景类（无前景目标）,,,
cropped_cd_2_3_clip16_94_0_0,empty_mask,标签全为背景类（无前景目标）,,,
cropped_cd_2_3_clip16_95_0_0,empty_mask,标签全为背景类（无前景目标）,,,
cropped_cd_2_3_clip16_96_0_0,empty_mask,标签全为背景类（无前景目标）,,,
cropped_cd_2_3_clip16_97_0_0,empty_mask,标签全为背景类（无前景目标）,,,
cropped_cd_2_3_clip16_98_0_0,empty_mask,标签全为背景类（无前景目标）,,,
cropped_cd_2_3_clip16_99_0_0,empty_mask,标签全为背景类（无前景目标）,,,
cropped_cd_2_3_clip16_9_-1_0,empty_mask,标签全为背景类（无前景目标）,,,
cropped_cd_2_4(2)_clip5_66_0_0,empty_mask,标签全为背景类（无前景目标）,,,
cropped_cd_2_4(2)_clip5_67_0_0,empty_mask,标签全为背景类（无前景目标）,,,
cropped_cd_2_4(2)_clip5_69_0_0,empty_mask,标签全为背景类（无前景目标）,,,
cropped_cd_2_4(2)_clip5_81_0_0,empty_mask,标签全为背景类（无前景目标）,,,
cropped_cd_3_3_clip10_56_0_0,empty_mask,标签全为背景类（无前景目标）,,,
cropped_cd_3_3_clip10_65_0_0,empty_mask,标签全为背景类（无前景目标）,,,
cropped_cd_3_3_clip10_73_0_0,empty_mask,标签全为背景类（无前景目标）,,,
cropped_cd_3_3_clip10_91_0_0,empty_mask,标签全为背景类（无前景目标）,,,
cropped_cd_3_3_clip10_92_0_0,empty_mask,标签全为背景类（无前景目标）,,,
cropped_H48F015016_clip1_10_0_0,empty_mask,标签全为背景类（无前景目标）,,,
cropped_H48F015016_clip1_11_0_0,empty_mask,标签全为背景类（无前景目标）,,,
cropped_H48F015016_clip1_12_0_0,empty_mask,标签全为背景类（无前景目标）,,,
cropped_H48F015016_clip1_17_0_0,empty_mask,标签全为背景类（无前景目标）,,,
cropped_H48F015016_clip1_18_0_0,empty_mask,标签全为背景类（无前景目标）,,,
cropped_H48F015016_clip1_19_0_0,empty_mask,标签全为背景类（无前景目标）,,,
cropped_H48F015016_clip1_20_0_0,empty_mask,标签全为背景类（无前景目标）,,,
cropped_H48F015016_clip1_29_0_0,empty_mask,标签全为背景类（无前景目标）,,,
cropped_H48F015016_clip1_30_0_0,empty_mask,标签全为背景类（无前景目标）,,,
cropped_H48F015016_clip1_31_0_0,empty_mask,标签全为背景类（无前景目标）,,,
cropped_H48F015016_clip1_40_0_0,empty_mask,标签全为背景类（无前景目标）,,,
cropped_H48F015016_clip1_41_0_0,empty_mask,标签全为背景类（无前景目标）,,,
cropped_H48F015016_clip1_42_0_0,empty_mask,标签全为背景类（无前景目标）,,,
cropped_H48F015016_clip1_67_0_0,empty_mask,标签全为背景类（无前景目标）,,,
cropped_H48F015016_clip1_68_0_0,empty_mask,标签全为背景类（无前景目标）,,,
cropped_H48F015016_clip1_76_0_0,empty_mask,标签全为背景类（无前景目标）,,,
cropped_H48F015016_clip1_77_0_0,empty_mask,标签全为背景类（无前景目标）,,,
cropped_H48F015016_clip1_78_0_0,empty_mask,标签全为背景类（无前景目标）,,,
cropped_H48F015016_clip1_7_0_0,empty_mask,标签全为背景类（无前景目标）,,,
cropped_H48F015016_clip1_88_0_0,empty_mask,标签全为背景类（无前景目标）,,,
cropped_H48F015016_clip1_8_0_0,empty_mask,标签全为背景类（无前景目标）,,,
cropped_H48F015016_clip1_9_0_0,empty_mask,标签全为背景类（无前景目标）,,,
cropped_cd_3_4(2)_clip7_34_1_1,empty_mask,标签全为背景类（无前景目标）,,,
cropped_cd_3_4(2)_clip7_67_0_0,empty_mask,标签全为背景类（无前景目标）,,,
cropped_cd_3_4(2)_clip7_70_0_0,empty_mask,标签全为背景类（无前景目标）,,,
cropped_cd_3_4(2)_clip7_7_0_1,empty_mask,标签全为背景类（无前景目标）,,,
cropped_cd_3_4(2)_clip7_83_0_0,empty_mask,标签全为背景类（无前景目标）,,,
cropped_cd_3_4(2)_clip7_90_0_0,empty_mask,标签全为背景类（无前景目标）,,,
cropped_cd_2_4(2)_clip2_90_0_0,empty_mask,标签全为背景类（无前景目标）,,,
cropped_cd_2_4(2)_clip2_91_0_0,empty_mask,标签全为背景类（无前景目标）,,,
cropped_cd_2_4(2)_clip2_95_0_0,empty_mask,标签全为背景类（无前景目标）,,,
cropped_cd_2_4(2)_clip2_96_0_0,empty_mask,标签全为背景类（无前景目标）,,,
cropped_cd_2_3_clip4_31_0_-1,empty_mask,标签全为背景类（无前景目标）,,,
cropped_cd_2_3_clip4_51_0_0,empty_mask,标签全为背景类（无前景目标）,,,
cropped_cd_2_3_clip4_54_0_0,empty_mask,标签全为背景类（无前景目标）,,,
cropped_cd_2_3_clip4_55_0_0,empty_mask,标签全为背景类（无前景目标）,,,
cropped_cd_2_3_clip4_62_0_0,empty_mask,标签全为背景类（无前景目标）,,,
cropped_cd_2_3_clip4_63_0_0,empty_mask,标签全为背景类（无前景目标）,,,
cropped_cd_2_3_clip4_64_0_0,empty_mask,标签全为背景类（无前景目标）,,,
cropped_cd_2_3_clip4_86_0_0,empty_mask,标签全为背景类（无前景目标）,,,
cropped_cd_2_3_clip4_88_0_0,empty_mask,标签全为背景类（无前景目标）,,,
cropped_cd_2_3_clip4_89_0_0,empty_mask,标签全为背景类（无前景目标）,,,
cropped_cd_2_3_clip4_91_0_0,empty_mask,标签全为背景类（无前景目标）,,,
cropped_cd_2_3_clip4_92_0_0,empty_mask,标签全为背景类（无前景目标）,,,
cropped_cd_2_3_clip4_95_0_0,empty_mask,标签全为背景类（无前景目标）,,,
cropped_H48F015017_clip6_10_-1_0,empty_mask,标签全为背景类（无前景目标）,,,
cropped_H48F015017_clip6_11_-1_1,empty_mask,标签全为背景类（无前景目标）,,,
cropped_H48F015017_clip6_13_-1_1,empty_mask,标签全为背景类（无前景目标）,,,
cropped_H48F015017_clip6_16_0_-1,empty_mask,标签全为背景类（无前景目标）,,,
cropped_H48F015017_clip6_17_1_-1,empty_mask,标签全为背景类（无前景目标）,,,
cropped_H48F015017_clip6_18_-1_-1,empty_mask,标签全为背景类（无前景目标）,,,
cropped_H48F015017_clip6_19_1_-1,empty_mask,标签全为背景类（无前景目标）,,,
cropped_H48F015017_clip6_1_1_0,empty_mask,标签全为背景类（无前景目标）,,,
cropped_H48F015017_clip6_20_-1_-1,empty_mask,标签全为背景类（无前景目标）,,,
cropped_H48F015017_clip6_21_0_1,empty_mask,标签全为背景类（无前景目标）,,,
cropped_H48F015017_clip6_22_-1_1,empty_mask,标签全为背景类（无前景目标）,,,
cropped_H48F015017_clip6_23_1_1,empty_mask,标签全为背景类（无前景目标）,,,
cropped_H48F015017_clip6_24_-1_1,empty_mask,标签全为背景类（无前景目标）,,,
cropped_H48F015017_clip6_25_0_-1,empty_mask,标签全为背景类（无前景目标）,,,
cropped_H48F015017_clip6_26_0_0,empty_mask,标签全为背景类（无前景目标）,,,
cropped_H48F015017_clip6_27_0_0,empty_mask,标签全为背景类（无前景目标）,,,
cropped_H48F015017_clip6_28_0_0,empty_mask,标签全为背景类（无前景目标）,,,
cropped_H48F015017_clip6_29_0_0,empty_mask,标签全为背景类（无前景目标）,,,
cropped_H48F015017_clip6_2_1_-1,empty_mask,标签全为背景类（无前景目标）,,,
cropped_H48F015017_clip6_30_0_0,empty_mask,标签全为背景类（无前景目标）,,,
cropped_H48F015017_clip6_31_0_0,empty_mask,标签全为背景类（无前景目标）,,,
cropped_H48F015017_clip6_34_0_0,empty_mask,标签全为背景类（无前景目标）,,,
cropped_H48F015017_clip6_35_0_0,empty_mask,标签全为背景类（无前景目标）,,,
cropped_H48F015017_clip6_37_0_0,empty_mask,标签全为背景类（无前景目标）,,,
cropped_H48F015017_clip6_38_0_0,empty_mask,标签全为背景类（无前景目标）,,,
cropped_H48F015017_clip6_39_0_0,empty_mask,标签全为背景类（无前景目标）,,,
cropped_H48F015017_clip6_3_1_1,empty_mask,标签全为背景类（无前景目标）,,,
cropped_H48F015017_clip6_40_0_0,empty_mask,标签全为背景类（无前景目标）,,,
cropped_H48F015017_clip6_41_0_0,empty_mask,标签全为背景类（无前景目标）,,,
cropped_H48F015017_clip6_42_0_0,empty_mask,标签全为背景类（无前景目标）,,,
cropped_H48F015017_clip6_44_0_0,empty_mask,标签全为背景类（无前景目标）,,,
cropped_H48F015017_clip6_45_0_0,empty_mask,标签全为背景类（无前景目标）,,,
cropped_H48F015017_clip6_46_0_0,empty_mask,标签全为背景类（无前景目标）,,,
cropped_H48F015017_clip6_47_0_0,empty_mask,标签全为背景类（无前景目标）,,,
cropped_H48F015017_clip6_48_0_0,empty_mask,标签全为背景类（无前景目标）,,,
cropped_H48F015017_clip6_49_0_0,empty_mask,标签全为背景类（无前景目标）,,,
cropped_H48F015017_clip6_50_0_0,empty_mask,标签全为背景类（无前景目标）,,,
cropped_H48F015017_clip6_51_0_0,empty_mask,标签全为背景类（无前景目标）,,,
cropped_H48F015017_clip6_52_0_0,empty_mask,标签全为背景类（无前景目标）,,,
cropped_H48F015017_clip6_53_0_0,empty_mask,标签全为背景类（无前景目标）,,,
cropped_H48F015017_clip6_54_0_0,empty_mask,标签全为背景类（无前景目标）,,,
cropped_H48F015017_clip6_55_0_0,empty_mask,标签全为背景类（无前景目标）,,,
cropped_H48F015017_clip6_56_0_0,empty_mask,标签全为背景类（无前景目标）,,,
cropped_H48F015017_clip6_57_0_0,empty_mask,标签全为背景类（无前景目标）,,,
cropped_H48F015017_clip6_58_0_0,empty_mask,标签全为背景类（无前景目标）,,,
cropped_H48F015017_clip6_59_0_0,empty_mask,标签全为背景类（无前景目标）,,,
cropped_H48F015017_clip6_60_0_0,empty_mask,标签全为背景类（无前景目标）,,,
cropped_H48F015017_clip6_61_0_0,empty_mask,标签全为背景类（无前景目标）,,,
cropped_H48F015017_clip6_62_0_0,empty_mask,标签全为背景类（无前景目标）,,,
cropped_H48F015017_clip6_63_0_0,empty_mask,标签全为背景类（无前景目标）,,,
cropped_H48F015017_clip6_64_0_0,empty_mask,标签全为背景类（无前景目标）,,,
cropped_H48F015017_clip6_65_0_0,empty_mask,标签全为背景类（无前景目标）,,,
cropped_H48F015017_clip6_66_0_0,empty_mask,标签全为背景类（无前景目标）,,,
cropped_H48F015017_clip6_67_0_0,empty_mask,标签全为背景类（无前景目标）,,,
cropped_H48F015017_clip6_68_0_0,empty_mask,标签全为背景类（无前景目标）,,,
cropped_H48F015017_clip6_69_0_0,empty_mask,标签全为背景类（无前景目标）,,,
cropped_H48F015017_clip6_70_0_0,empty_mask,标签全为背景类（无前景目标）,,,
cropped_H48F015017_clip6_71_0_0,empty_mask,标签全为背景类（无前景目标）,,,
cropped_H48F015017_clip6_72_0_0,empty_mask,标签全为背景类（无前景目标）,,,
cropped_H48F015017_clip6_73_0_0,empty_mask,标签全为背景类（无前景目标）,,,
cropped_H48F015017_clip6_74_0_0,empty_mask,标签全为背景类（无前景目标）,,,
cropped_H48F015017_clip6_75_0_0,empty_mask,标签全为背景类（无前景目标）,,,
cropped_H48F015017_clip6_76_0_0,empty_mask,标签全为背景类（无前景目标）,,,
cropped_H48F015017_clip6_77_0_0,empty_mask,标签全为背景类（无前景目标）,,,
cropped_H48F015017_clip6_78_0_0,empty_mask,标签全为背景类（无前景目标）,,,
cropped_H48F015017_clip6_79_0_0,empty_mask,标签全为背景类（无前景目标）,,,
cropped_H48F015017_clip6_7_0_1,empty_mask,标签全为背景类（无前景目标）,,,
cropped_H48F015017_clip6_80_0_0,empty_mask,标签全为背景类（无前景目标）,,,
cropped_H48F015017_clip6_81_0_0,empty_mask,标签全为背景类（无前景目标）,,,
cropped_H48F015017_clip6_82_0_0,empty_mask,标签全为背景类（无前景目标）,,,
cropped_H48F015017_clip6_84_0_0,empty_mask,标签全为背景类（无前景目标）,,,
cropped_H48F015017_clip6_85_0_0,empty_mask,标签全为背景类（无前景目标）,,,
cropped_H48F015017_clip6_86_0_0,empty_mask,标签全为背景类（无前景目标）,,,
cropped_H48F015017_clip6_87_0_0,empty_mask,标签全为背景类（无前景目标）,,,
cropped_H48F015017_clip6_88_0_0,empty_mask,标签全为背景类（无前景目标）,,,
cropped_H48F015017_clip6_89_0_0,empty_mask,标签全为背景类（无前景目标）,,,
cropped_H48F015017_clip6_92_0_0,empty_mask,标签全为背景类（无前景目标）,,,
cropped_H48F015017_clip6_93_0_0,empty_mask,标签全为背景类（无前景目标）,,,
cropped_H48F015017_clip6_94_0_0,empty_mask,标签全为背景类（无前景目标）,,,
cropped_H48F015017_clip6_95_0_0,empty_mask,标签全为背景类（无前景目标）,,,
cropped_H48F015017_clip6_96_0_0,empty_mask,标签全为背景类（无前景目标）,,,
cropped_H48F015017_clip6_97_0_0,empty_mask,标签全为背景类（无前景目标）,,,
cropped_cd_2_4(2)_clip1_43_-1_0,empty_mask,标签全为背景类（无前景目标）,,,
cropped_cd_2_4(2)_clip1_53_1_-1,empty_mask,标签全为背景类（无前景目标）,,,
cropped_cd_2_4(2)_clip1_61_0_0,empty_mask,标签全为背景类（无前景目标）,,,
cropped_cd_2_4(2)_clip1_72_0_0,empty_mask,标签全为背景类（无前景目标）,,,
cropped_cd_2_4(2)_clip1_73_0_0,empty_mask,标签全为背景类（无前景目标）,,,
cropped_cd_2_4(2)_clip1_89_0_0,empty_mask,标签全为背景类（无前景目标）,,,
cropped_cd_3_3(2)_clip3_40_1_0,empty_mask,标签全为背景类（无前景目标）,,,
cropped_cd_3_3(2)_clip3_41_1_1,empty_mask,标签全为背景类（无前景目标）,,,
cropped_cd_3_3(2)_clip3_42_-1_1,empty_mask,标签全为背景类（无前景目标）,,,
cropped_cd_3_3(2)_clip3_45_1_0,empty_mask,标签全为背景类（无前景目标）,,,
cropped_cd_3_3(2)_clip3_48_-1_0,empty_mask,标签全为背景类（无前景目标）,,,
cropped_cd_3_3(2)_clip3_49_-1_0,empty_mask,标签全为背景类（无前景目标）,,,
cropped_cd_3_3(2)_clip3_50_1_-1,empty_mask,标签全为背景类（无前景目标）,,,
cropped_cd_3_3(2)_clip3_51_1_-1,empty_mask,标签全为背景类（无前景目标）,,,
cropped_cd_3_3(2)_clip3_75_0_0,empty_mask,标签全为背景类（无前景目标）,,,
cropped_cd_3_3(2)_clip3_76_0_0,empty_mask,标签全为背景类（无前景目标）,,,
cropped_cd_3_3(2)_clip3_77_0_0,empty_mask,标签全为背景类（无前景目标）,,,
cropped_cd_3_3(2)_clip3_80_0_0,empty_mask,标签全为背景类（无前景目标）,,,
cropped_cd_3_3(2)_clip3_82_0_0,empty_mask,标签全为背景类（无前景目标）,,,
cropped_cd_3_3(2)_clip3_83_0_0,empty_mask,标签全为背景类（无前景目标）,,,
cropped_cd_3_3(2)_clip3_88_0_0,empty_mask,标签全为背景类（无前景目标）,,,
cropped_cd_3_3(2)_clip3_89_0_0,empty_mask,标签全为背景类（无前景目标）,,,
cropped_cd_3_3(2)_clip3_91_0_0,empty_mask,标签全为背景类（无前景目标）,,,
cropped_cd_3_3(2)_clip3_92_0_0,empty_mask,标签全为背景类（无前景目标）,,,
cropped_cd_3_3(2)_clip3_95_0_0,empty_mask,标签全为背景类（无前景目标）,,,
cropped_cd_3_3(2)_clip3_97_0_0,empty_mask,标签全为背景类（无前景目标）,,,
cropped_H48F016017_clip12_14_-1_0,empty_mask,标签全为背景类（无前景目标）,,,
cropped_H48F016017_clip12_16_0_-1,empty_mask,标签全为背景类（无前景目标）,,,
cropped_H48F016017_clip12_17_-1_-1,empty_mask,标签全为背景类（无前景目标）,,,
cropped_H48F016017_clip12_35_1_1,empty_mask,标签全为背景类（无前景目标）,,,
cropped_H48F016017_clip12_48_0_-1,empty_mask,标签全为背景类（无前景目标）,,,
cropped_H48F016017_clip12_51_-1_0,empty_mask,标签全为背景类（无前景目标）,,,
cropped_H48F016017_clip12_52_-1_0,empty_mask,标签全为背景类（无前景目标）,,,
cropped_H48F016017_clip12_53_0_0,empty_mask,标签全为背景类（无前景目标）,,,
cropped_H48F016017_clip12_56_0_0,empty_mask,标签全为背景类（无前景目标）,,,
cropped_H48F016017_clip12_59_0_0,empty_mask,标签全为背景类（无前景目标）,,,
cropped_H48F016017_clip12_60_0_0,empty_mask,标签全为背景类（无前景目标）,,,
cropped_H48F016017_clip12_61_0_0,empty_mask,标签全为背景类（无前景目标）,,,
cropped_H48F016017_clip12_66_0_0,empty_mask,标签全为背景类（无前景目标）,,,
cropped_H48F016017_clip12_69_0_0,empty_mask,标签全为背景类（无前景目标）,,,
cropped_H48F016017_clip12_70_0_0,empty_mask,标签全为背景类（无前景目标）,,,
cropped_H48F016017_clip12_84_0_0,empty_mask,标签全为背景类（无前景目标）,,,
cropped_H48F016017_clip12_91_0_0,empty_mask,标签全为背景类（无前景目标）,,,
cropped_H48F016017_clip12_92_0_0,empty_mask,标签全为背景类（无前景目标）,,,
cropped_H48F016017_clip12_94_0_0,empty_mask,标签全为背景类（无前景目标）,,,
cropped_H48F016017_clip12_95_0_0,empty_mask,标签全为背景类（无前景目标）,,,
cropped_cd_3_3(3)_clip3_79_0_0,empty_mask,标签全为背景类（无前景目标）,,,
cropped_cd_3_3(3)_clip3_82_0_0,empty_mask,标签全为背景类（无前景目标）,,,
cropped_cd_3_3(3)_clip3_87_0_0,empty_mask,标签全为背景类（无前景目标）,,,
cropped_cd_3_3_clip9_96_0_0,empty_mask,标签全为背景类（无前景目标）,,,
cropped_cd_3_4_clip1_100_0_0,empty_mask,标签全为背景类（无前景目标）,,,
cropped_H48F015016_clip2_23_0_0,empty_mask,标签全为背景类（无前景目标）,,,
cropped_cd_2_3_clip3_78_0_0,empty_mask,标签全为背景类（无前景目标）,,,
cropped_cd_2_3_clip3_88_0_0,empty_mask,标签全为背景类（无前景目标）,,,
cropped_cd_3_4(2)_clip6_86_0_0,noise_artifact,标签包含极小的噪声区域,,,
cropped_cd_3_4(2)_clip6_8_0_1,noise_artifact,标签包含极小的噪声区域,,,
cropped_cd_2_4_clip2_61_0_0,noise_artifact,标签包含极小的噪声区域,,,
cropped_cd_2_4(3)_clip2_50_0_0,noise_artifact,标签包含极小的噪声区域,,,
cropped_cd_2_4(2)_clip6_90_0_0,noise_artifact,标签包含极小的噪声区域,,,
cropped_cd_2_3_clip13_27_-1_-1,noise_artifact,标签包含极小的噪声区域,,,
cropped_cd_2_3_clip13_83_0_0,noise_artifact,标签包含极小的噪声区域,,,
cropped_cd_2_3(3)_clip1_89_0_0,noise_artifact,标签包含极小的噪声区域,,,
cropped_cd_2_3(3)_clip1_94_0_0,noise_artifact,标签包含极小的噪声区域,,,
cropped_cd_3_4_clip6_37_1_0,noise_artifact,标签包含极小的噪声区域,,,
cropped_cd_3_4_clip6_38_1_-1,noise_artifact,标签包含极小的噪声区域,,,
cropped_cd_3_4_clip6_5_-1_0,noise_artifact,标签包含极小的噪声区域,,,
cropped_cd_3_4_clip6_77_0_0,noise_artifact,标签包含极小的噪声区域,,,
cropped_cd_3_4_clip6_80_0_0,noise_artifact,标签包含极小的噪声区域,,,
cropped_cd_3_3_clip4_24_1_1,noise_artifact,标签包含极小的噪声区域,,,
cropped_cd_3_3_clip5_29_-1_1,noise_artifact,标签包含极小的噪声区域,,,
cropped_cd_3_3_clip5_41_0_0,noise_artifact,标签包含极小的噪声区域,,,
cropped_cd_3_3_clip5_51_0_0,noise_artifact,标签包含极小的噪声区域,,,
cropped_cd_3_3_clip5_56_0_0,noise_artifact,标签包含极小的噪声区域,,,
cropped_cd_3_3_clip5_57_0_0,noise_artifact,标签包含极小的噪声区域,,,
cropped_cd_3_3_clip5_94_0_0,noise_artifact,标签包含极小的噪声区域,,,
cropped_cd_3_3_clip6_16_0_-1,noise_artifact,标签包含极小的噪声区域,,,
cropped_cd_3_3_clip6_40_-1_1,noise_artifact,标签包含极小的噪声区域,,,
cropped_cd_3_3_clip6_79_0_0,noise_artifact,标签包含极小的噪声区域,,,
cropped_cd_3_3_clip6_93_0_0,noise_artifact,标签包含极小的噪声区域,,,
cropped_cd_2_3(2)_clip8_67_0_0,noise_artifact,标签包含极小的噪声区域,,,
cropped_cd_2_3(2)_clip8_77_0_0,noise_artifact,标签包含极小的噪声区域,,,
cropped_cd_2_4(3)_clip3_16_-1_1,noise_artifact,标签包含极小的噪声区域,,,
cropped_cd_2_4(3)_clip3_47_0_0,noise_artifact,标签包含极小的噪声区域,,,
cropped_cd_2_4(3)_clip3_48_0_0,noise_artifact,标签包含极小的噪声区域,,,
cropped_cd_2_4(3)_clip3_87_0_0,noise_artifact,标签包含极小的噪声区域,,,
cropped_cd_2_4(3)_clip3_92_0_0,noise_artifact,标签包含极小的噪声区域,,,
cropped_cd_2_4_clip9_28_-1_0,noise_artifact,标签包含极小的噪声区域,,,
cropped_cd_2_4_clip9_33_1_0,noise_artifact,标签包含极小的噪声区域,,,
cropped_cd_2_4_clip9_35_-1_-1,noise_artifact,标签包含极小的噪声区域,,,
cropped_cd_2_3(3)_clip2_15_0_1,noise_artifact,标签包含极小的噪声区域,,,
cropped_cd_2_3(3)_clip2_18_0_-1,noise_artifact,标签包含极小的噪声区域,,,
cropped_cd_2_3(3)_clip2_74_0_0,noise_artifact,标签包含极小的噪声区域,,,
cropped_cd_2_3_clip11_27_0_0,noise_artifact,标签包含极小的噪声区域,,,
cropped_cd_2_4_clip4_61_0_0,noise_artifact,标签包含极小的噪声区域,,,
cropped_cd_2_4_clip4_73_0_0,noise_artifact,标签包含极小的噪声区域,,,
cropped_cd_3_4_clip4_97_0_0,noise_artifact,标签包含极小的噪声区域,,,
cropped_cd_3_4(2)_clip1_1_0_1,noise_artifact,标签包含极小的噪声区域,,,
cropped_cd_3_4(2)_clip1_30_0_-1,noise_artifact,标签包含极小的噪声区域,,,
cropped_cd_3_4(2)_clip1_31_-1_0,noise_artifact,标签包含极小的噪声区域,,,
cropped_cd_3_4(2)_clip1_38_-1_0,noise_artifact,标签包含极小的噪声区域,,,
cropped_cd_3_4(2)_clip1_45_1_-1,noise_artifact,标签包含极小的噪声区域,,,
cropped_cd_3_4(2)_clip1_65_0_0,noise_artifact,标签包含极小的噪声区域,,,
cropped_cd_3_4(2)_clip1_70_0_0,noise_artifact,标签包含极小的噪声区域,,,
cropped_cd_2_4_clip1_100_0_0,noise_artifact,标签包含极小的噪声区域,,,
cropped_cd_2_4_clip1_83_0_0,noise_artifact,标签包含极小的噪声区域,,,
cropped_cd_2_4_clip1_84_0_0,noise_artifact,标签包含极小的噪声区域,,,
cropped_cd_2_4_clip1_99_0_0,noise_artifact,标签包含极小的噪声区域,,,
cropped_cd_3_4_clip2_44_0_0,noise_artifact,标签包含极小的噪声区域,,,
cropped_cd_3_4_clip2_77_0_0,noise_artifact,标签包含极小的噪声区域,,,
cropped_cd_2_4(3)_clip1_55_0_0,noise_artifact,标签包含极小的噪声区域,,,
cropped_cd_2_3_clip18_33_-1_0,noise_artifact,标签包含极小的噪声区域,,,
cropped_H48F015016_clip3_30_-1_0,noise_artifact,标签包含极小的噪声区域,,,
cropped_cd_2_3(2)_clip5_85_0_0,noise_artifact,标签包含极小的噪声区域,,,
cropped_cd_2_3(2)_clip2_10_0_-1,noise_artifact,标签包含极小的噪声区域,,,
cropped_cd_2_3(2)_clip2_15_1_-1,noise_artifact,标签包含极小的噪声区域,,,
cropped_cd_2_3(2)_clip2_21_0_1,noise_artifact,标签包含极小的噪声区域,,,
cropped_cd_2_3(2)_clip2_4_-1_1,noise_artifact,标签包含极小的噪声区域,,,
cropped_cd_2_3(2)_clip2_53_0_0,noise_artifact,标签包含极小的噪声区域,,,
cropped_cd_2_3(2)_clip2_55_0_0,noise_artifact,标签包含极小的噪声区域,,,
cropped_cd_2_3(2)_clip2_59_0_0,noise_artifact,标签包含极小的噪声区域,,,
cropped_cd_2_3(2)_clip2_6_1_-1,noise_artifact,标签包含极小的噪声区域,,,
cropped_cd_2_3(2)_clip2_75_0_0,noise_artifact,标签包含极小的噪声区域,,,
cropped_cd_2_3(2)_clip2_7_0_-1,noise_artifact,标签包含极小的噪声区域,,,
cropped_cd_2_3(2)_clip2_9_1_0,noise_artifact,标签包含极小的噪声区域,,,
cropped_cd_2_3(2)_clip1_37_0_0,noise_artifact,标签包含极小的噪声区域,,,
cropped_cd_2_3(2)_clip1_44_0_0,noise_artifact,标签包含极小的噪声区域,,,
cropped_cd_2_3(2)_clip1_49_0_0,noise_artifact,标签包含极小的噪声区域,,,
cropped_cd_2_3(2)_clip1_50_0_0,noise_artifact,标签包含极小的噪声区域,,,
cropped_cd_2_3(2)_clip1_67_0_0,noise_artifact,标签包含极小的噪声区域,,,
cropped_cd_3_4_clip5_29_0_0,noise_artifact,标签包含极小的噪声区域,,,
cropped_cd_3_4_clip5_93_0_0,noise_artifact,标签包含极小的噪声区域,,,
cropped_cd_3_4_clip5_98_0_0,noise_artifact,标签包含极小的噪声区域,,,
cropped_cd_3_4(2)_clip2_13_1_0,noise_artifact,标签包含极小的噪声区域,,,
cropped_cd_3_4(2)_clip2_29_0_1,noise_artifact,标签包含极小的噪声区域,,,
cropped_cd_3_4(2)_clip2_42_1_-1,noise_artifact,标签包含极小的噪声区域,,,
cropped_cd_3_4(2)_clip2_51_0_0,noise_artifact,标签包含极小的噪声区域,,,
cropped_cd_3_4(2)_clip2_57_0_0,noise_artifact,标签包含极小的噪声区域,,,
cropped_cd_3_4(2)_clip2_74_0_0,noise_artifact,标签包含极小的噪声区域,,,
cropped_cd_3_4(2)_clip2_95_0_0,noise_artifact,标签包含极小的噪声区域,,,
cropped_cd_3_4(2)_clip2_96_0_0,noise_artifact,标签包含极小的噪声区域,,,
cropped_cd_3_3(2)_clip1_19_0_0,noise_artifact,标签包含极小的噪声区域,,,
cropped_cd_3_3(2)_clip1_43_0_0,noise_artifact,标签包含极小的噪声区域,,,
cropped_cd_3_3(2)_clip1_57_0_0,noise_artifact,标签包含极小的噪声区域,,,
cropped_cd_3_3(2)_clip1_92_0_0,noise_artifact,标签包含极小的噪声区域,,,
cropped_cd_2_3_clip17_29_0_0,noise_artifact,标签包含极小的噪声区域,,,
cropped_cd_2_3_clip17_30_0_0,noise_artifact,标签包含极小的噪声区域,,,
cropped_cd_2_3_clip12_18_1_1,noise_artifact,标签包含极小的噪声区域,,,
cropped_H48F015017_clip5_84_0_0,noise_artifact,标签包含极小的噪声区域,,,
cropped_H48F015017_clip5_85_0_0,noise_artifact,标签包含极小的噪声区域,,,
cropped_cd_3_4(2)_clip3_11_1_0,noise_artifact,标签包含极小的噪声区域,,,
cropped_cd_3_4(2)_clip3_34_-1_1,noise_artifact,标签包含极小的噪声区域,,,
cropped_cd_3_4(2)_clip3_39_-1_0,noise_artifact,标签包含极小的噪声区域,,,
cropped_cd_3_4(2)_clip3_57_0_0,noise_artifact,标签包含极小的噪声区域,,,
cropped_cd_3_3_clip11_57_0_0,noise_artifact,标签包含极小的噪声区域,,,
cropped_cd_3_3_clip11_66_0_0,noise_artifact,标签包含极小的噪声区域,,,
cropped_cd_3_3_clip11_72_0_0,noise_artifact,标签包含极小的噪声区域,,,
cropped_cd_2_3(3)_clip3_19_-1_1,noise_artifact,标签包含极小的噪声区域,,,
cropped_cd_2_3(3)_clip3_6_-1_1,noise_artifact,标签包含极小的噪声区域,,,
cropped_cd_2_4(2)_clip5_6_0_-1,noise_artifact,标签包含极小的噪声区域,,,
cropped_cd_2_4(2)_clip5_77_0_0,noise_artifact,标签包含极小的噪声区域,,,
cropped_cd_2_4(2)_clip5_87_0_0,noise_artifact,标签包含极小的噪声区域,,,
cropped_cd_3_3_clip10_35_0_0,noise_artifact,标签包含极小的噪声区域,,,
cropped_cd_3_3_clip10_88_0_0,noise_artifact,标签包含极小的噪声区域,,,
cropped_cd_2_4(2)_clip3_65_-1_1,noise_artifact,标签包含极小的噪声区域,,,
cropped_cd_2_4(2)_clip3_95_0_0,noise_artifact,标签包含极小的噪声区域,,,
cropped_H48F015016_clip1_73_0_0,noise_artifact,标签包含极小的噪声区域,,,
cropped_cd_2_4(2)_clip2_35_0_0,noise_artifact,标签包含极小的噪声区域,,,
cropped_cd_3_3(3)_clip4_55_0_0,noise_artifact,标签包含极小的噪声区域,,,
cropped_cd_3_3(3)_clip4_70_0_0,noise_artifact,标签包含极小的噪声区域,,,
cropped_cd_3_3_clip2_36_0_0,noise_artifact,标签包含极小的噪声区域,,,
cropped_cd_3_3_clip2_46_0_0,noise_artifact,标签包含极小的噪声区域,,,
cropped_H48F015017_clip6_90_0_0,noise_artifact,标签包含极小的噪声区域,,,
cropped_cd_2_4(2)_clip1_2_-1_0,noise_artifact,标签包含极小的噪声区域,,,
cropped_cd_2_4(2)_clip1_46_1_-1,noise_artifact,标签包含极小的噪声区域,,,
cropped_cd_2_4(2)_clip1_5_0_1,noise_artifact,标签包含极小的噪声区域,,,
cropped_cd_2_4(2)_clip1_83_0_0,noise_artifact,标签包含极小的噪声区域,,,
cropped_cd_3_3(2)_clip3_47_0_-1,noise_artifact,标签包含极小的噪声区域,,,
cropped_H48F016017_clip12_18_1_0,noise_artifact,标签包含极小的噪声区域,,,
cropped_cd_2_4_clip6_53_0_-1,noise_artifact,标签包含极小的噪声区域,,,
cropped_cd_2_4_clip6_62_0_1,noise_artifact,标签包含极小的噪声区域,,,
cropped_cd_3_3(3)_clip3_24_0_1,noise_artifact,标签包含极小的噪声区域,,,
cropped_cd_3_3(3)_clip3_27_1_0,noise_artifact,标签包含极小的噪声区域,,,
cropped_cd_3_3(3)_clip3_42_0_1,noise_artifact,标签包含极小的噪声区域,,,
cropped_cd_3_3(3)_clip3_48_0_-1,noise_artifact,标签包含极小的噪声区域,,,
cropped_cd_3_3(3)_clip3_57_-1_0,noise_artifact,标签包含极小的噪声区域,,,
cropped_cd_3_3(3)_clip3_74_1_1,noise_artifact,标签包含极小的噪声区域,,,
cropped_cd_3_3(3)_clip3_95_0_0,noise_artifact,标签包含极小的噪声区域,,,
cropped_cd_3_3_clip9_21_-1_-1,noise_artifact,标签包含极小的噪声区域,,,
cropped_cd_3_3_clip9_3_1_-1,noise_artifact,标签包含极小的噪声区域,,,
cropped_cd_2_4_clip7_38_0_0,noise_artifact,标签包含极小的噪声区域,,,
cropped_cd_2_4_clip7_44_0_0,noise_artifact,标签包含极小的噪声区域,,,
cropped_cd_3_4_clip1_66_0_0,noise_artifact,标签包含极小的噪声区域,,,
cropped_cd_3_4_clip1_72_0_0,noise_artifact,标签包含极小的噪声区域,,,
cropped_H48F015016_clip2_10_1_1,noise_artifact,标签包含极小的噪声区域,,,
cropped_H48F015016_clip2_29_0_0,noise_artifact,标签包含极小的噪声区域,,,
cropped_H48F015016_clip2_30_0_0,noise_artifact,标签包含极小的噪声区域,,,
cropped_H48F015016_clip2_36_0_0,noise_artifact,标签包含极小的噪声区域,,,
cropped_H48F015016_clip2_37_0_0,noise_artifact,标签包含极小的噪声区域,,,
cropped_H48F015016_clip2_43_0_0,noise_artifact,标签包含极小的噪声区域,,,
cropped_H48F015016_clip2_57_0_0,noise_artifact,标签包含极小的噪声区域,,,
cropped_H48F015016_clip2_64_0_0,noise_artifact,标签包含极小的噪声区域,,,
cropped_H48F015016_clip2_72_0_0,noise_artifact,标签包含极小的噪声区域,,,
cropped_cd_2_3_clip3_50_0_0,noise_artifact,标签包含极小的噪声区域,,,
